city,date,co,no2,o3,pm10,pm25,aqi_daily,aqi_monthly
Bhopal,2021-01-02,1,26,24,245,127,198,153.0
Bhopal,2021-01-03,1,25,28,241,124,195,153.0
Bhopal,2021-01-04,1,21,13,215,127,189,153.0
Bhopal,2021-01-05,1,18,17,157,89,163,153.0
Bhopal,2021-01-06,1,22,18,206,105,176,153.0
Bhopal,2021-01-07,1,16,20,160,90,165,153.0
Bhopal,2021-01-08,1,15,18,167,97,167,153.0
Bhopal,2021-01-09,1,17,12,119,71,151,153.0
Bhopal,2021-01-10,1,10,17,90,51,124,153.0
Bhopal,2021-01-11,1,10,21,153,84,162,153.0
Bhopal,2021-01-12,1,15,19,105,50,128,153.0
Bhopal,2021-01-13,1,21,19,115,49,122,153.0
Bhopal,2021-01-14,1,14,22,97,44,107,153.0
Bhopal,2021-01-15,1,18,22,112,47,114,153.0
Bhopal,2021-01-16,1,20,20,134,55,132,153.0
Bhopal,2021-01-17,1,15,24,133,58,137,153.0
Bhopal,2021-01-18,1,19,20,172,68,156,153.0
Bhopal,2021-01-19,1,17,22,182,84,162,153.0
Bhopal,2021-01-20,1,16,21,166,82,160,153.0
Bhopal,2021-01-21,1,21,16,195,77,162,153.0
Bhopal,2021-01-22,1,22,5,196,78,159,153.0
Bhopal,2021-01-23,1,33,17,251,80,158,153.0
Bhopal,2021-01-24,1,16,27,182,62,142,153.0
Bhopal,2021-01-25,1,8,25,203,102,172,153.0
Bhopal,2021-01-26,1,10,24,172,87,164,153.0
Bhopal,2021-01-27,1,9,24,151,75,156,153.0
Bhopal,2021-01-28,1,9,24,140,65,148,153.0
Bhopal,2021-01-29,1,9,26,151,71,151,153.0
Bhopal,2021-01-30,1,19,21,155,70,141,153.0
Bhopal,2021-01-31,1,21,22,135,60,129,153.0
Bhopal,2021-02-01,1,20,22,140,54,124,129.2
Bhopal,2021-02-02,1,24,23,168,66,143,129.2
Bhopal,2021-02-03,1,23,19,195,78,165,129.2
Bhopal,2021-02-04,1,21,23,188,71,152,129.2
Bhopal,2021-02-05,1,16,22,182,70,159,129.2
Bhopal,2021-02-06,1,15,21,129,58,136,129.2
Bhopal,2021-02-07,1,14,22,105,42,107,129.2
Bhopal,2021-02-08,1,22,19,163,61,143,129.2
Bhopal,2021-02-09,1,25,17,209,80,166,129.2
Bhopal,2021-02-10,1,23,22,193,69,148,129.2
Bhopal,2021-02-11,1,23,21,173,63,139,129.2
Bhopal,2021-02-12,1,19,24,160,56,130,129.2
Bhopal,2021-02-13,1,14,28,131,48,121,129.2
Bhopal,2021-02-14,1,12,31,154,79,125,129.2
Bhopal,2021-02-15,1,17,23,213,96,150,129.2
Bhopal,2021-02-16,1,11,23,164,86,126,129.2
Bhopal,2021-02-17,1,15,19,114,84,110,129.2
Bhopal,2021-02-18,1,17,19,127,84,108,129.2
Bhopal,2021-02-19,1,23,21,119,79,99,129.2
Bhopal,2021-02-20,1,23,22,124,80,100,129.2
Bhopal,2021-02-21,1,22,24,133,83,115,129.2
Bhopal,2021-02-22,1,20,22,160,68,125,129.2
Bhopal,2021-02-23,1,16,24,187,70,160,129.2
Bhopal,2021-02-24,1,20,25,175,65,144,129.2
Bhopal,2021-02-25,1,20,28,154,53,127,129.2
Bhopal,2021-02-26,1,23,18,162,50,120,129.2
Bhopal,2021-02-27,0,17,19,109,31,91,129.2
Bhopal,2021-02-28,1,15,19,91,27,85,129.2
Bhopal,2021-03-01,1,15,14,132,36,109,99.9
Bhopal,2021-03-02,1,14,22,110,32,94,99.9
Bhopal,2021-03-03,1,18,23,100,35,101,99.9
Bhopal,2021-03-04,1,19,27,95,33,98,99.9
Bhopal,2021-03-05,1,18,20,93,20,79,99.9
Bhopal,2021-03-06,1,23,18,119,41,112,99.9
Bhopal,2021-03-07,1,19,25,113,42,113,99.9
Bhopal,2021-03-08,0,17,26,89,29,87,99.9
Bhopal,2021-03-09,1,18,20,99,28,89,99.9
Bhopal,2021-03-10,1,19,19,114,34,100,99.9
Bhopal,2021-03-11,1,15,20,111,38,104,99.9
Bhopal,2021-03-12,1,10,26,81,29,89,99.9
Bhopal,2021-03-13,1,11,24,56,24,75,99.9
Bhopal,2021-03-14,1,14,23,81,31,92,99.9
Bhopal,2021-03-15,1,14,25,95,37,102,99.9
Bhopal,2021-03-16,1,11,31,110,41,110,99.9
Bhopal,2021-03-17,1,11,30,120,41,113,99.9
Bhopal,2021-03-18,1,8,35,98,42,111,99.9
Bhopal,2021-03-19,1,7,34,68,34,100,99.9
Bhopal,2021-03-20,1,9,30,58,24,75,99.9
Bhopal,2021-03-21,0,10,33,64,32,92,99.9
Bhopal,2021-03-22,1,11,31,116,67,132,99.9
Bhopal,2021-03-23,1,12,32,101,33,98,99.9
Bhopal,2021-03-24,1,16,29,79,25,79,99.9
Bhopal,2021-03-25,1,15,25,120,32,98,99.9
Bhopal,2021-03-26,1,14,22,109,32,95,99.9
Bhopal,2021-03-27,1,27,21,135,38,111,99.9
Bhopal,2021-03-28,0,23,24,109,36,103,99.9
Bhopal,2021-03-29,1,21,29,106,45,113,99.9
Bhopal,2021-03-30,0,15,34,100,30,92,99.9
Bhopal,2021-03-31,0,14,30,171,43,132,99.9
Bhopal,2021-04-01,1,14,31,166,42,120,107.8
Bhopal,2021-04-02,1,18,29,104,38,106,107.8
Bhopal,2021-04-03,1,23,27,138,47,125,107.8
Bhopal,2021-04-04,1,16,31,109,39,107,107.8
Bhopal,2021-04-05,1,21,29,125,46,122,107.8
Bhopal,2021-04-06,1,14,30,121,43,119,107.8
Bhopal,2021-04-07,1,16,26,117,41,113,107.8
Bhopal,2021-04-08,1,21,24,236,67,178,107.8
Bhopal,2021-04-09,1,17,29,201,57,146,107.8
Bhopal,2021-04-10,1,11,36,114,43,120,107.8
Bhopal,2021-04-11,0,9,36,72,34,99,107.8
Bhopal,2021-04-12,1,15,36,74,30,87,107.8
Bhopal,2021-04-13,1,19,33,103,43,116,107.8
Bhopal,2021-04-14,1,13,36,111,47,121,107.8
Bhopal,2021-04-15,1,9,36,73,29,86,107.8
Bhopal,2021-04-16,0,10,33,74,32,93,107.8
Bhopal,2021-04-17,0,11,25,100,32,98,107.8
Bhopal,2021-04-18,0,12,27,115,43,111,107.8
Bhopal,2021-04-19,1,14,27,126,53,124,107.8
Bhopal,2021-04-20,0,9,28,97,31,93,107.8
Bhopal,2021-04-21,0,9,23,117,31,98,107.8
Bhopal,2021-04-22,0,8,27,105,32,96,107.8
Bhopal,2021-04-23,1,12,29,103,40,108,107.8
Bhopal,2021-04-24,0,7,29,95,26,84,107.8
Bhopal,2021-04-25,0,7,29,67,27,82,107.8
Bhopal,2021-04-26,1,8,28,83,34,98,107.8
Bhopal,2021-04-27,1,19,27,103,51,121,107.8
Bhopal,2021-04-28,0,18,37,80,30,90,107.8
Bhopal,2021-04-29,0,13,34,91,37,95,107.8
Bhopal,2021-04-30,165,16,10,56,29,77,107.8
Bhopal,2021-05-01,173,14,29,103,39,82,72.4
Bhopal,2021-05-02,158,11,34,74,30,64,72.4
Bhopal,2021-05-03,103,15,30,50,23,60,72.4
Bhopal,2021-05-04,109,14,28,54,22,56,72.4
Bhopal,2021-05-05,57,14,22,71,26,62,72.4
Bhopal,2021-05-06,140,14,24,83,32,68,72.4
Bhopal,2021-05-07,138,14,25,100,32,68,72.4
Bhopal,2021-05-08,170,14,28,95,40,76,72.4
Bhopal,2021-05-09,164,11,28,62,28,66,72.4
Bhopal,2021-05-10,170,13,26,63,29,67,72.4
Bhopal,2021-05-11,136,13,26,65,25,63,72.4
Bhopal,2021-05-12,128,13,22,70,24,65,72.4
Bhopal,2021-05-13,140,13,23,91,30,71,72.4
Bhopal,2021-05-14,135,12,30,61,22,57,72.4
Bhopal,2021-05-15,179,13,28,70,28,64,72.4
Bhopal,2021-05-16,144,11,26,51,21,57,72.4
Bhopal,2021-05-17,174,12,13,38,15,49,72.4
Bhopal,2021-05-18,142,12,17,43,17,52,72.4
Bhopal,2021-05-19,141,12,18,48,20,55,72.4
Bhopal,2021-05-20,128,13,34,54,21,64,72.4
Bhopal,2021-05-21,210,17,30,90,32,95,72.4
Bhopal,2021-05-22,333,14,31,93,33,97,72.4
Bhopal,2021-05-23,275,13,29,107,35,101,72.4
Bhopal,2021-05-24,188,12,29,115,33,101,72.4
Bhopal,2021-05-25,126,15,30,111,28,92,72.4
Bhopal,2021-05-26,112,13,25,103,30,91,72.4
Bhopal,2021-05-27,103,12,26,80,24,78,72.4
Bhopal,2021-05-28,80,12,26,76,24,78,72.4
Bhopal,2021-05-29,127,13,25,77,27,83,72.4
Bhopal,2021-05-30,251,11,26,74,27,82,72.4
Bhopal,2021-05-31,147,13,27,76,26,81,72.4
Bhopal,2021-06-01,116,24,23,94,29,89,80.7
Bhopal,2021-06-02,106,12,26,83,27,84,80.7
Bhopal,2021-06-03,92,13,26,64,25,79,80.7
Bhopal,2021-06-04,113,13,26,63,26,80,80.7
Bhopal,2021-06-05,115,14,22,70,27,83,80.7
Bhopal,2021-06-06,163,11,22,68,30,87,80.7
Bhopal,2021-06-07,150,12,23,66,24,78,80.7
Bhopal,2021-06-08,151,11,23,70,23,75,80.7
Bhopal,2021-06-09,143,10,26,51,19,65,80.7
Bhopal,2021-06-10,275,12,21,79,23,78,80.7
Bhopal,2021-06-11,175,12,19,57,18,62,80.7
Bhopal,2021-06-12,197,15,24,60,20,67,80.7
Bhopal,2021-06-13,174,12,25,51,19,64,80.7
Bhopal,2021-06-14,216,13,19,65,20,68,80.7
Bhopal,2021-06-15,197,14,21,63,21,70,80.7
Bhopal,2021-06-16,207,16,18,72,25,78,80.7
Bhopal,2021-06-17,154,14,22,67,23,75,80.7
Bhopal,2021-06-18,261,17,18,66,25,79,80.7
Bhopal,2021-06-19,277,15,18,82,28,85,80.7
Bhopal,2021-06-20,257,13,21,77,27,83,80.7
Bhopal,2021-06-21,205,14,20,102,33,97,80.7
Bhopal,2021-06-22,237,15,20,99,31,93,80.7
Bhopal,2021-06-23,218,17,20,82,31,92,80.7
Bhopal,2021-06-24,162,15,23,80,31,91,80.7
Bhopal,2021-06-25,252,15,23,64,22,71,80.7
Bhopal,2021-06-26,101,11,24,75,30,89,80.7
Bhopal,2021-06-27,386,20,38,88,30,91,80.7
Bhopal,2021-06-28,398,21,36,86,29,88,80.7
Bhopal,2021-06-29,293,18,38,92,28,86,80.7
Bhopal,2021-06-30,324,18,30,95,32,93,80.7
Bhopal,2021-07-01,268,16,23,82,24,76,74.7
Bhopal,2021-07-02,258,16,21,101,24,81,74.7
Bhopal,2021-07-03,262,18,20,112,26,84,74.7
Bhopal,2021-07-04,395,20,22,122,28,88,74.7
Bhopal,2021-07-05,281,18,26,104,26,84,74.7
Bhopal,2021-07-06,109,20,27,102,26,84,74.7
Bhopal,2021-07-07,198,18,28,81,24,79,74.7
Bhopal,2021-07-08,312,18,22,103,28,88,74.7
Bhopal,2021-07-09,344,19,21,108,30,90,74.7
Bhopal,2021-07-10,342,22,20,104,31,93,74.7
Bhopal,2021-07-11,348,20,25,71,26,79,74.7
Bhopal,2021-07-12,296,18,19,72,32,93,74.7
Bhopal,2021-07-13,150,15,22,57,22,72,74.7
Bhopal,2021-07-14,225,18,18,71,26,80,74.7
Bhopal,2021-07-15,224,18,17,62,21,69,74.7
Bhopal,2021-07-16,129,18,15,96,27,82,74.7
Bhopal,2021-07-17,137,14,19,50,20,65,74.7
Bhopal,2021-07-18,248,18,20,67,22,72,74.7
Bhopal,2021-07-19,118,14,13,52,18,63,74.7
Bhopal,2021-07-20,136,12,10,51,18,62,74.7
Bhopal,2021-07-21,156,12,9,58,20,68,74.7
Bhopal,2021-07-22,178,13,10,108,33,96,74.7
Bhopal,2021-07-23,127,13,18,56,25,77,74.7
Bhopal,2021-07-24,126,14,13,68,28,85,74.7
Bhopal,2021-07-25,109,11,14,24,10,39,74.7
Bhopal,2021-07-26,156,12,13,33,13,49,74.7
Bhopal,2021-07-27,156,13,13,49,20,68,74.7
Bhopal,2021-07-28,118,13,10,48,19,65,74.7
Bhopal,2021-07-29,133,12,10,53,21,69,74.7
Bhopal,2021-07-30,136,12,10,46,16,57,74.7
Bhopal,2021-07-31,189,12,10,54,16,59,74.7
Bhopal,2021-08-01,244,12,12,44,16,57,77.3
Bhopal,2021-08-02,244,12,11,37,16,56,77.3
Bhopal,2021-08-03,186,12,10,44,17,59,77.3
Bhopal,2021-08-04,86,11,12,49,17,62,77.3
Bhopal,2021-08-05,77,11,13,53,21,70,77.3
Bhopal,2021-08-06,118,11,14,42,18,61,77.3
Bhopal,2021-08-07,227,13,13,60,23,73,77.3
Bhopal,2021-08-08,170,12,12,62,24,78,77.3
Bhopal,2021-08-09,243,13,13,66,24,76,77.3
Bhopal,2021-08-10,254,13,13,81,32,93,77.3
Bhopal,2021-08-11,218,13,13,82,27,84,77.3
Bhopal,2021-08-12,229,13,14,85,27,85,77.3
Bhopal,2021-08-13,231,11,15,87,27,84,77.3
Bhopal,2021-08-14,241,12,15,77,25,80,77.3
Bhopal,2021-08-15,257,12,16,82,26,81,77.3
Bhopal,2021-08-16,238,14,16,105,31,93,77.3
Bhopal,2021-08-17,337,18,15,102,34,99,77.3
Bhopal,2021-08-18,230,15,14,54,21,69,77.3
Bhopal,2021-08-19,203,14,16,53,22,72,77.3
Bhopal,2021-08-20,237,14,11,52,23,74,77.3
Bhopal,2021-08-21,187,13,12,53,22,72,77.3
Bhopal,2021-08-22,255,11,11,54,23,74,77.3
Bhopal,2021-08-23,239,12,12,70,29,87,77.3
Bhopal,2021-08-24,193,12,12,65,25,79,77.3
Bhopal,2021-08-25,184,12,13,62,23,74,77.3
Bhopal,2021-08-26,175,11,12,57,20,67,77.3
Bhopal,2021-08-27,233,13,13,70,22,73,77.3
Bhopal,2021-08-28,252,14,15,104,32,95,77.3
Bhopal,2021-08-29,227,14,15,91,34,98,77.3
Bhopal,2021-08-30,168,15,15,56,28,84,77.3
Bhopal,2021-08-31,147,15,11,60,29,87,77.3
Bhopal,2021-09-01,97,14,12,62,25,77,68.9
Bhopal,2021-09-02,161,13,15,41,15,52,68.9
Bhopal,2021-09-03,215,14,13,54,19,65,68.9
Bhopal,2021-09-04,230,16,10,63,26,80,68.9
Bhopal,2021-09-05,200,14,13,44,17,60,68.9
Bhopal,2021-09-06,301,18,12,75,26,82,68.9
Bhopal,2021-09-07,279,17,15,98,38,109,68.9
Bhopal,2021-09-08,182,15,13,64,24,77,68.9
Bhopal,2021-09-09,156,13,13,35,13,47,68.9
Bhopal,2021-09-10,327,12,13,35,14,53,68.9
Bhopal,2021-09-11,235,10,14,35,11,44,68.9
Bhopal,2021-09-12,369,11,14,40,12,46,68.9
Bhopal,2021-09-13,270,12,12,49,20,67,68.9
Bhopal,2021-09-14,1,9,10,47,21,70,68.9
Bhopal,2021-09-15,1,9,11,40,16,59,68.9
Bhopal,2021-09-16,1,7,12,22,8,35,68.9
Bhopal,2021-09-17,0,6,14,28,12,47,68.9
Bhopal,2021-09-18,0,5,10,26,11,45,68.9
Bhopal,2021-09-19,0,6,14,35,15,56,68.9
Bhopal,2021-09-20,1,7,14,43,19,65,68.9
Bhopal,2021-09-21,0,7,12,49,19,65,68.9
Bhopal,2021-09-22,0,9,16,65,22,69,68.9
Bhopal,2021-09-23,1,9,20,75,25,78,68.9
Bhopal,2021-09-24,1,10,12,60,25,79,68.9
Bhopal,2021-09-25,1,8,12,42,21,69,68.9
Bhopal,2021-09-26,2,10,12,46,22,71,68.9
Bhopal,2021-09-27,2,17,9,91,38,107,68.9
Bhopal,2021-09-28,1,14,14,94,37,107,68.9
Bhopal,2021-09-29,1,12,10,91,32,92,68.9
Bhopal,2021-09-30,1,12,8,86,33,93,68.9
Bhopal,2021-10-01,1,9,11,68,32,94,117.9
Bhopal,2021-10-02,1,8,14,50,20,67,117.9
Bhopal,2021-10-03,1,7,16,49,22,72,117.9
Bhopal,2021-10-04,1,7,16,49,19,66,117.9
Bhopal,2021-10-05,1,9,14,78,29,88,117.9
Bhopal,2021-10-06,1,12,10,94,35,95,117.9
Bhopal,2021-10-07,1,13,13,121,42,110,117.9
Bhopal,2021-10-08,1,14,14,122,43,114,117.9
Bhopal,2021-10-09,1,18,16,168,74,150,117.9
Bhopal,2021-10-10,1,12,22,148,55,132,117.9
Bhopal,2021-10-11,1,13,20,138,51,128,117.9
Bhopal,2021-10-12,1,17,19,163,60,134,117.9
Bhopal,2021-10-13,1,17,21,162,55,135,117.9
Bhopal,2021-10-14,1,17,23,188,60,145,117.9
Bhopal,2021-10-15,1,17,28,184,70,150,117.9
Bhopal,2021-10-16,1,12,27,147,60,147,117.9
Bhopal,2021-10-17,1,13,14,61,30,90,117.9
Bhopal,2021-10-18,1,10,14,30,12,47,117.9
Bhopal,2021-10-19,1,11,15,66,27,82,117.9
Bhopal,2021-10-20,1,17,18,114,46,118,117.9
Bhopal,2021-10-21,1,15,23,139,47,124,117.9
Bhopal,2021-10-22,1,13,25,123,47,120,117.9
Bhopal,2021-10-23,1,14,25,129,57,128,117.9
Bhopal,2021-10-24,1,15,18,129,50,124,117.9
Bhopal,2021-10-25,1,15,17,115,45,116,117.9
Bhopal,2021-10-26,1,16,17,156,55,134,117.9
Bhopal,2021-10-27,1,14,19,141,49,124,117.9
Bhopal,2021-10-28,1,20,17,186,53,137,117.9
Bhopal,2021-10-29,1,25,21,196,69,157,117.9
Bhopal,2021-10-30,1,23,21,202,80,170,117.9
Bhopal,2021-10-31,1,22,23,182,71,156,117.9
Bhopal,2021-11-01,1,22,21,198,91,168,157.6
Bhopal,2021-11-02,1,21,21,164,87,164,157.6
Bhopal,2021-11-03,1,24,21,178,82,161,157.6
Bhopal,2021-11-04,1,17,23,134,78,152,157.6
Bhopal,2021-11-05,1,25,18,233,137,142,157.6
Bhopal,2021-11-06,1,19,21,139,55,124,157.6
Bhopal,2021-11-07,1,21,24,194,87,165,157.6
Bhopal,2021-11-08,1,23,18,242,95,178,157.6
Bhopal,2021-11-09,1,26,20,238,119,189,157.6
Bhopal,2021-11-10,1,24,18,260,116,195,157.6
Bhopal,2021-11-11,1,20,23,204,92,173,157.6
Bhopal,2021-11-12,1,18,20,146,67,149,157.6
Bhopal,2021-11-13,1,19,20,151,69,149,157.6
Bhopal,2021-11-14,1,23,21,204,96,174,157.6
Bhopal,2021-11-15,1,22,23,224,109,185,157.6
Bhopal,2021-11-16,1,25,29,201,103,179,157.6
Bhopal,2021-11-17,1,18,27,171,86,165,157.6
Bhopal,2021-11-18,1,15,26,168,90,165,157.6
Bhopal,2021-11-19,1,14,24,170,90,165,157.6
Bhopal,2021-11-20,1,14,21,170,96,170,157.6
Bhopal,2021-11-21,1,16,19,149,79,156,157.6
Bhopal,2021-11-22,1,19,17,129,60,139,157.6
Bhopal,2021-11-23,1,24,19,151,66,139,157.6
Bhopal,2021-11-24,1,21,19,136,56,134,157.6
Bhopal,2021-11-25,1,20,17,152,62,137,157.6
Bhopal,2021-11-26,1,20,22,140,56,133,157.6
Bhopal,2021-11-27,1,22,20,190,85,160,157.6
Bhopal,2021-11-28,1,18,19,163,72,151,157.6
Bhopal,2021-11-29,1,21,20,133,54,127,157.6
Bhopal,2021-11-30,1,20,22,138,58,139,157.6
Bhopal,2021-12-01,1,15,26,140,65,144,149.5
Bhopal,2021-12-02,1,14,24,160,82,157,149.5
Bhopal,2021-12-03,1,13,25,158,94,167,149.5
Bhopal,2021-12-04,1,14,20,133,76,154,149.5
Bhopal,2021-12-05,1,14,23,116,64,141,149.5
Bhopal,2021-12-06,1,14,23,164,88,166,149.5
Bhopal,2021-12-07,1,11,24,149,91,166,149.5
Bhopal,2021-12-08,1,14,20,109,57,136,149.5
Bhopal,2021-12-09,1,13,24,102,45,119,149.5
Bhopal,2021-12-10,1,15,20,109,53,132,149.5
Bhopal,2021-12-11,1,16,22,109,53,131,149.5
Bhopal,2021-12-12,1,17,21,112,60,140,149.5
Bhopal,2021-12-13,1,19,19,125,66,148,149.5
Bhopal,2021-12-14,1,20,19,137,71,151,149.5
Bhopal,2021-12-15,1,22,18,152,80,159,149.5
Bhopal,2021-12-16,1,18,21,161,82,160,149.5
Bhopal,2021-12-17,1,15,25,152,89,164,149.5
Bhopal,2021-12-18,1,14,22,111,55,135,149.5
Bhopal,2021-12-19,1,14,23,92,43,109,149.5
Bhopal,2021-12-20,1,18,19,132,62,135,149.5
Bhopal,2021-12-21,1,22,19,174,82,158,149.5
Bhopal,2021-12-22,1,25,19,204,97,169,149.5
Bhopal,2021-12-23,1,24,22,200,90,168,149.5
Bhopal,2021-12-24,1,18,25,159,71,145,149.5
Bhopal,2021-12-25,1,20,24,139,61,140,149.5
Bhopal,2021-12-26,1,25,26,168,83,162,149.5
Bhopal,2021-12-27,1,21,29,191,95,178,149.5
Bhopal,2021-12-28,1,17,24,166,108,179,149.5
Bhopal,2021-12-29,1,15,21,132,90,166,149.5
Bhopal,2021-12-30,1,12,20,89,59,141,149.5
Bhopal,2021-12-31,1,12,19,69,42,114,149.5
Bhopal,2022-01-01,1,13,19,73,40,110,133.6
Bhopal,2022-01-02,1,15,19,100,54,135,133.6
Bhopal,2022-01-03,1,15,19,105,54,136,133.6
Bhopal,2022-01-04,1,21,23,144,76,153,133.6
Bhopal,2022-01-05,1,18,23,277,196,166,133.6
Bhopal,2022-01-06,1,14,20,169,109,175,133.6
Bhopal,2022-01-07,1,13,18,211,131,123,133.6
Bhopal,2022-01-08,1,17,18,158,103,175,133.6
Bhopal,2022-01-09,2,15,16,114,72,136,133.6
Bhopal,2022-01-10,1,12,18,79,39,107,133.6
Bhopal,2022-01-11,1,11,21,100,60,139,133.6
Bhopal,2022-01-12,1,12,23,100,53,131,133.6
Bhopal,2022-01-13,1,12,24,100,57,140,133.6
Bhopal,2022-01-14,1,10,23,98,58,140,133.6
Bhopal,2022-01-15,1,10,25,109,68,149,133.6
Bhopal,2022-01-16,1,10,23,106,68,147,133.6
Bhopal,2022-01-17,1,11,21,94,56,134,133.6
Bhopal,2022-01-18,1,15,15,126,67,148,133.6
Bhopal,2022-01-19,1,12,11,113,64,147,133.6
Bhopal,2022-01-20,1,14,19,87,40,107,133.6
Bhopal,2022-01-21,1,15,18,91,39,99,133.6
Bhopal,2022-01-22,1,10,16,97,42,101,133.6
Bhopal,2022-01-23,1,7,14,189,48,147,133.6
Bhopal,2022-01-24,1,12,16,217,61,160,133.6
Bhopal,2022-01-25,1,13,15,93,40,105,133.6
Bhopal,2022-01-26,1,13,17,92,45,109,133.6
Bhopal,2022-01-27,1,15,17,99,46,112,133.6
Bhopal,2022-01-28,1,18,15,130,64,134,133.6
Bhopal,2022-01-29,1,21,15,139,69,137,133.6
Bhopal,2022-01-30,1,16,17,148,77,140,133.6
Bhopal,2022-01-31,1,12,26,95,39,101,133.6
Bhopal,2022-02-01,1,21,16,126,57,129,120.6
Bhopal,2022-02-02,1,13,18,125,56,118,120.6
Bhopal,2022-02-03,0,9,18,132,36,107,120.6
Bhopal,2022-02-04,1,12,17,125,41,116,120.6
Bhopal,2022-02-05,1,17,20,166,70,138,120.6
Bhopal,2022-02-06,1,18,18,129,49,122,120.6
Bhopal,2022-02-07,1,17,23,135,55,126,120.6
Bhopal,2022-02-08,1,25,14,150,59,134,120.6
Bhopal,2022-02-09,1,15,22,112,46,113,120.6
Bhopal,2022-02-10,1,9,25,89,48,116,120.6
Bhopal,2022-02-11,1,17,15,100,45,112,120.6
Bhopal,2022-02-12,1,16,17,129,59,130,120.6
Bhopal,2022-02-13,1,24,10,103,49,124,120.6
Bhopal,2022-02-14,1,14,29,91,35,104,120.6
Bhopal,2022-02-15,1,11,27,69,31,90,120.6
Bhopal,2022-02-16,1,12,25,83,35,100,120.6
Bhopal,2022-02-17,1,13,23,80,37,103,120.6
Bhopal,2022-02-18,1,14,24,76,34,94,120.6
Bhopal,2022-02-19,1,16,24,112,55,126,120.6
Bhopal,2022-02-20,1,10,28,75,29,86,120.6
Bhopal,2022-02-21,1,9,26,83,29,87,120.6
Bhopal,2022-02-22,1,18,24,291,86,163,120.6
Bhopal,2022-02-23,1,19,24,298,87,152,120.6
Bhopal,2022-02-24,1,13,26,179,46,130,120.6
Bhopal,2022-02-25,1,12,25,192,51,136,120.6
Bhopal,2022-02-26,1,16,26,191,51,147,120.6
Bhopal,2022-02-27,1,16,23,220,59,147,120.6
Bhopal,2022-02-28,1,10,27,145,47,127,120.6
Bhopal,2022-03-01,1,12,28,121,35,103,111.5
Bhopal,2022-03-02,1,12,27,99,26,84,111.5
Bhopal,2022-03-03,1,17,25,133,41,109,111.5
Bhopal,2022-03-04,1,15,26,170,48,136,111.5
Bhopal,2022-03-05,1,13,26,127,36,103,111.5
Bhopal,2022-03-06,1,18,19,159,46,122,111.5
Bhopal,2022-03-07,1,16,26,154,46,121,111.5
Bhopal,2022-03-08,1,12,25,111,37,103,111.5
Bhopal,2022-03-09,1,11,25,124,40,113,111.5
Bhopal,2022-03-10,1,13,23,91,31,92,111.5
Bhopal,2022-03-11,1,15,23,114,35,99,111.5
Bhopal,2022-03-12,1,17,22,129,35,100,111.5
Bhopal,2022-03-13,1,17,19,129,38,104,111.5
Bhopal,2022-03-14,1,18,19,200,57,132,111.5
Bhopal,2022-03-15,1,15,21,139,33,102,111.5
Bhopal,2022-03-16,1,10,25,113,27,88,111.5
Bhopal,2022-03-17,1,15,22,129,31,100,111.5
Bhopal,2022-03-18,1,12,26,132,48,118,111.5
Bhopal,2022-03-19,1,13,28,125,47,119,111.5
Bhopal,2022-03-20,1,15,24,128,46,116,111.5
Bhopal,2022-03-21,1,10,24,128,37,105,111.5
Bhopal,2022-03-22,1,14,26,144,50,125,111.5
Bhopal,2022-03-23,1,17,25,159,53,138,111.5
Bhopal,2022-03-24,1,17,25,204,52,137,111.5
Bhopal,2022-03-25,1,13,23,177,46,126,111.5
Bhopal,2022-03-26,1,13,26,157,34,108,111.5
Bhopal,2022-03-27,1,21,22,195,53,130,111.5
Bhopal,2022-03-28,1,14,23,174,45,129,111.5
Bhopal,2022-03-29,1,8,27,117,30,92,111.5
Bhopal,2022-03-30,1,10,29,135,36,107,111.5
Bhopal,2022-03-31,1,9,35,107,32,94,111.5
Bhopal,2022-04-01,1,12,35,134,40,109,119.5
Bhopal,2022-04-02,1,18,32,168,57,139,119.5
Bhopal,2022-04-03,1,16,30,150,54,133,119.5
Bhopal,2022-04-04,1,9,34,115,36,103,119.5
Bhopal,2022-04-05,1,21,26,182,68,144,119.5
Bhopal,2022-04-06,1,22,25,160,61,140,119.5
Bhopal,2022-04-07,1,22,22,148,51,129,119.5
Bhopal,2022-04-08,1,21,24,145,51,127,119.5
Bhopal,2022-04-09,1,20,26,163,63,141,119.5
Bhopal,2022-04-10,1,12,28,127,42,114,119.5
Bhopal,2022-04-11,1,10,32,117,42,115,119.5
Bhopal,2022-04-12,1,12,30,132,45,119,119.5
Bhopal,2022-04-13,1,12,27,148,53,132,119.5
Bhopal,2022-04-14,1,9,25,151,49,130,119.5
Bhopal,2022-04-15,1,11,24,124,48,122,119.5
Bhopal,2022-04-16,1,11,26,124,47,119,119.5
Bhopal,2022-04-17,1,9,27,126,50,126,119.5
Bhopal,2022-04-18,1,11,24,136,48,125,119.5
Bhopal,2022-04-19,1,9,22,126,46,122,119.5
Bhopal,2022-04-20,1,14,22,111,40,112,119.5
Bhopal,2022-04-21,1,11,25,155,39,127,119.5
Bhopal,2022-04-22,1,15,26,126,62,144,119.5
Bhopal,2022-04-23,1,12,21,89,43,111,119.5
Bhopal,2022-04-24,1,10,19,96,38,106,119.5
Bhopal,2022-04-25,1,7,22,90,36,103,119.5
Bhopal,2022-04-26,1,8,26,113,36,109,119.5
Bhopal,2022-04-27,1,12,26,89,38,104,119.5
Bhopal,2022-04-28,1,8,29,83,29,89,119.5
Bhopal,2022-04-29,1,9,24,84,30,91,119.5
Bhopal,2022-04-30,1,7,23,99,34,100,119.5
Bhopal,2022-05-01,1,8,22,135,42,117,113.6
Bhopal,2022-05-02,1,10,21,123,37,106,113.6
Bhopal,2022-05-03,1,7,21,118,40,105,113.6
Bhopal,2022-05-04,1,7,25,105,33,95,113.6
Bhopal,2022-05-05,1,9,25,132,40,111,113.6
Bhopal,2022-05-06,1,10,21,152,44,120,113.6
Bhopal,2022-05-07,1,13,25,155,50,127,113.6
Bhopal,2022-05-08,1,15,21,177,53,136,113.6
Bhopal,2022-05-09,1,14,25,166,51,133,113.6
Bhopal,2022-05-10,1,12,32,165,57,139,113.6
Bhopal,2022-05-11,1,14,29,137,48,126,113.6
Bhopal,2022-05-12,1,15,26,144,50,126,113.6
Bhopal,2022-05-13,1,10,23,138,46,117,113.6
Bhopal,2022-05-14,1,5,23,125,40,111,113.6
Bhopal,2022-05-15,1,3,21,113,37,105,113.6
Bhopal,2022-05-16,1,4,22,105,33,96,113.6
Bhopal,2022-05-17,1,5,22,122,40,108,113.6
Bhopal,2022-05-18,1,7,23,158,47,123,113.6
Bhopal,2022-05-19,1,7,23,174,55,133,113.6
Bhopal,2022-05-20,1,5,25,144,46,119,113.6
Bhopal,2022-05-21,1,5,23,142,36,112,113.6
Bhopal,2022-05-22,1,5,17,114,31,94,113.6
Bhopal,2022-05-23,1,6,15,115,30,97,113.6
Bhopal,2022-05-24,1,12,19,122,39,108,113.6
Bhopal,2022-05-25,1,12,19,208,63,155,113.6
Bhopal,2022-05-26,1,9,20,169,51,133,113.6
Bhopal,2022-05-27,0,5,19,116,29,90,113.6
Bhopal,2022-05-28,0,4,16,110,28,87,113.6
Bhopal,2022-05-29,1,4,16,125,30,94,113.6
Bhopal,2022-05-30,0,4,19,132,32,97,113.6
Bhopal,2022-05-31,1,8,18,136,33,101,113.6
Bhopal,2022-06-01,1,8,23,137,37,115,79.8
Bhopal,2022-06-02,1,8,26,132,29,105,79.8
Bhopal,2022-06-03,1,8,26,129,21,91,79.8
Bhopal,2022-06-04,1,8,23,138,25,99,79.8
Bhopal,2022-06-05,1,9,20,113,21,76,79.8
Bhopal,2022-06-06,0,6,22,135,22,94,79.8
Bhopal,2022-06-07,1,5,22,156,35,111,79.8
Bhopal,2022-06-08,0,4,20,156,32,108,79.8
Bhopal,2022-06-09,1,4,22,115,25,87,79.8
Bhopal,2022-06-10,0,5,22,131,27,96,79.8
Bhopal,2022-06-11,0,5,23,114,25,91,79.8
Bhopal,2022-06-12,1,5,23,60,20,74,79.8
Bhopal,2022-06-13,0,5,26,48,17,64,79.8
Bhopal,2022-06-14,1,5,22,43,14,57,79.8
Bhopal,2022-06-15,1,4,22,55,17,63,79.8
Bhopal,2022-06-16,1,5,19,50,14,55,79.8
Bhopal,2022-06-17,1,6,18,48,15,58,79.8
Bhopal,2022-06-18,1,7,15,55,18,64,79.8
Bhopal,2022-06-19,1,6,15,39,10,44,79.8
Bhopal,2022-06-20,1,6,15,34,12,49,79.8
Bhopal,2022-06-21,1,6,19,45,16,59,79.8
Bhopal,2022-06-22,1,7,24,69,23,76,79.8
Bhopal,2022-06-23,1,5,27,59,21,72,79.8
Bhopal,2022-06-24,1,5,29,103,34,98,79.8
Bhopal,2022-06-25,1,6,29,103,35,101,79.8
Bhopal,2022-06-26,1,4,27,90,34,103,79.8
Bhopal,2022-06-27,1,3,31,60,25,80,79.8
Bhopal,2022-06-28,1,4,22,49,20,70,79.8
Bhopal,2022-06-29,1,4,17,54,21,73,79.8
Bhopal,2022-06-30,1,4,17,48,16,61,79.8
Bhopal,2022-07-01,1,4,16,44,18,63,57.1
Bhopal,2022-07-02,1,3,14,37,15,58,57.1
Bhopal,2022-07-03,1,3,15,34,13,54,57.1
Bhopal,2022-07-04,0,2,15,28,11,46,57.1
Bhopal,2022-07-05,0,3,21,38,15,56,57.1
Bhopal,2022-07-06,1,4,18,37,13,52,57.1
Bhopal,2022-07-07,1,5,17,36,17,63,57.1
Bhopal,2022-07-08,1,6,18,30,14,56,57.1
Bhopal,2022-07-09,1,7,20,34,12,49,57.1
Bhopal,2022-07-10,1,15,25,33,11,48,57.1
Bhopal,2022-07-11,0,16,25,21,10,42,57.1
Bhopal,2022-07-12,1,14,20,33,14,54,57.1
Bhopal,2022-07-13,1,18,23,43,15,59,57.1
Bhopal,2022-07-14,1,14,21,37,14,53,57.1
Bhopal,2022-07-15,1,12,18,28,13,47,57.1
Bhopal,2022-07-16,1,9,16,34,12,48,57.1
Bhopal,2022-07-17,1,10,17,36,13,50,57.1
Bhopal,2022-07-18,1,8,18,30,12,47,57.1
Bhopal,2022-07-19,1,7,18,25,33,69,57.1
Bhopal,2022-07-20,0,8,17,33,50,95,57.1
Bhopal,2022-07-21,1,8,17,44,37,82,57.1
Bhopal,2022-07-22,1,8,19,46,19,65,57.1
Bhopal,2022-07-23,1,8,22,29,12,50,57.1
Bhopal,2022-07-24,0,8,19,26,13,50,57.1
Bhopal,2022-07-25,1,9,13,23,12,46,57.1
Bhopal,2022-07-26,1,7,16,28,11,45,57.1
Bhopal,2022-07-27,1,7,18,41,17,60,57.1
Bhopal,2022-07-28,1,7,17,47,20,66,57.1
Bhopal,2022-07-29,1,7,18,56,19,65,57.1
Bhopal,2022-07-30,1,7,21,62,20,66,57.1
Bhopal,2022-07-31,1,8,21,66,20,67,57.1
Bhopal,2022-08-01,1,10,18,57,15,57,65.9
Bhopal,2022-08-02,1,10,24,57,18,62,65.9
Bhopal,2022-08-03,1,12,23,58,21,69,65.9
Bhopal,2022-08-04,1,13,15,43,17,59,65.9
Bhopal,2022-08-05,1,10,21,43,17,59,65.9
Bhopal,2022-08-06,1,11,15,36,16,54,65.9
Bhopal,2022-08-07,1,13,16,45,18,61,65.9
Bhopal,2022-08-08,1,12,16,52,22,70,65.9
Bhopal,2022-08-09,1,14,9,39,17,56,65.9
Bhopal,2022-08-10,1,11,10,35,15,52,65.9
Bhopal,2022-08-30,1,17,17,86,31,91,65.9
Bhopal,2022-08-31,1,15,16,82,35,101,65.9
Bhopal,2022-09-02,0,11,16,43,21,70,86.9
Bhopal,2022-09-03,0,10,17,46,23,75,86.9
Bhopal,2022-09-04,0,9,18,49,26,81,86.9
Bhopal,2022-09-05,0,8,16,47,24,76,86.9
Bhopal,2022-09-06,1,10,15,62,29,85,86.9
Bhopal,2022-09-07,1,12,15,76,34,97,86.9
Bhopal,2022-09-08,1,11,21,70,33,95,86.9
Bhopal,2022-09-09,0,14,22,68,35,101,86.9
Bhopal,2022-09-10,1,12,14,64,29,87,86.9
Bhopal,2022-09-11,1,11,19,62,30,89,86.9
Bhopal,2022-09-12,1,10,15,56,27,82,86.9
Bhopal,2022-09-13,0,8,13,38,20,66,86.9
Bhopal,2022-09-14,0,5,15,24,14,54,86.9
Bhopal,2022-09-15,0,5,17,26,14,53,86.9
Bhopal,2022-09-16,0,5,17,31,18,63,86.9
Bhopal,2022-09-17,0,6,17,72,33,95,86.9
Bhopal,2022-09-18,0,8,19,79,33,96,86.9
Bhopal,2022-09-19,0,10,18,96,35,101,86.9
Bhopal,2022-09-20,0,10,22,98,36,103,86.9
Bhopal,2022-09-21,0,8,20,57,26,80,86.9
Bhopal,2022-09-22,0,7,16,52,24,76,86.9
Bhopal,2022-09-23,0,6,15,43,23,75,86.9
Bhopal,2022-09-24,0,6,15,53,23,75,86.9
Bhopal,2022-09-25,0,8,16,68,31,90,86.9
Bhopal,2022-09-26,1,12,16,101,39,106,86.9
Bhopal,2022-09-27,1,11,17,93,35,101,86.9
Bhopal,2022-09-28,1,12,16,116,43,116,86.9
Bhopal,2022-09-29,1,13,16,117,45,120,86.9
Bhopal,2022-09-30,0,14,17,111,39,111,86.9
Bhopal,2022-10-01,0,12,17,97,33,97,103.6
Bhopal,2022-10-02,0,11,18,86,29,89,103.6
Bhopal,2022-10-03,1,13,15,94,34,99,103.6
Bhopal,2022-10-04,1,14,20,121,39,110,103.6
Bhopal,2022-10-05,1,11,17,77,39,109,103.6
Bhopal,2022-10-06,0,10,12,44,22,73,103.6
Bhopal,2022-10-07,1,8,10,40,20,67,103.6
Bhopal,2022-10-08,0,9,13,85,31,93,103.6
Bhopal,2022-10-09,0,8,16,75,30,89,103.6
Bhopal,2022-10-10,0,9,13,60,28,85,103.6
Bhopal,2022-10-11,0,7,15,36,18,63,103.6
Bhopal,2022-10-12,1,11,16,71,29,89,103.6
Bhopal,2022-10-13,1,12,15,86,31,92,103.6
Bhopal,2022-10-14,1,13,17,112,38,108,103.6
Bhopal,2022-10-15,1,15,17,134,47,122,103.6
Bhopal,2022-10-16,1,16,15,148,58,133,103.6
Bhopal,2022-10-17,,,,,33,81,103.6
Bhopal,2022-10-18,,,,,12,32,103.6
Bhopal,2022-10-19,308,26,34,79,30,82,103.6
Bhopal,2022-10-20,256,18,41,70,40,111,103.6
Bhopal,2022-10-21,241,18,34,64,35,98,103.6
Bhopal,2022-10-22,212,14,34,61,34,98,103.6
Bhopal,2022-10-23,208,14,33,60,34,97,103.6
Bhopal,2022-10-24,316,17,35,90,54,132,103.6
Bhopal,2022-10-25,353,17,37,128,79,157,103.6
Bhopal,2022-10-26,321,18,38,85,51,134,103.6
Bhopal,2022-10-27,407,19,36,88,50,128,103.6
Bhopal,2022-10-28,873,68,13,184,51,135,103.6
Bhopal,2022-10-29,643,28,11,165,44,126,103.6
Bhopal,2022-10-30,680,22,16,178,56,142,103.6
Bhopal,2022-10-31,829,23,15,166,60,140,103.6
Bhopal,2022-11-01,906,22,13,181,60,142,136.9
Bhopal,2022-11-02,884,23,15,188,63,149,136.9
Bhopal,2022-11-03,638,23,17,161,50,133,136.9
Bhopal,2022-11-04,802,25,16,202,65,152,136.9
Bhopal,2022-11-05,794,22,15,193,68,149,136.9
Bhopal,2022-11-06,874,21,12,163,51,129,136.9
Bhopal,2022-11-07,878,22,12,202,68,155,136.9
Bhopal,2022-11-08,861,23,14,188,66,150,136.9
Bhopal,2022-11-09,734,22,14,168,59,139,136.9
Bhopal,2022-11-10,775,23,16,164,59,144,136.9
Bhopal,2022-11-11,822,23,16,158,61,142,136.9
Bhopal,2022-11-12,735,18,17,126,52,130,136.9
Bhopal,2022-11-13,805,18,17,143,57,137,136.9
Bhopal,2022-11-14,921,23,16,215,85,175,136.9
Bhopal,2022-11-15,948,24,17,185,73,160,136.9
Bhopal,2022-11-16,771,22,20,158,65,146,136.9
Bhopal,2022-11-17,583,17,16,107,39,108,136.9
Bhopal,2022-11-18,760,16,11,104,36,101,136.9
Bhopal,2022-11-19,861,18,13,131,48,123,136.9
Bhopal,2022-11-20,979,20,13,151,58,134,136.9
Bhopal,2022-11-21,962,19,15,150,66,147,136.9
Bhopal,2022-11-22,1015,19,13,146,59,137,136.9
Bhopal,2022-11-23,886,18,15,144,51,129,136.9
Bhopal,2022-11-24,686,16,14,116,42,111,136.9
Bhopal,2022-11-25,910,17,11,125,47,115,136.9
Bhopal,2022-11-26,925,18,13,147,52,127,136.9
Bhopal,2022-11-27,865,17,11,151,57,134,136.9
Bhopal,2022-11-28,853,18,11,158,59,136,136.9
Bhopal,2022-11-29,710,16,15,126,53,133,136.9
Bhopal,2022-11-30,817,17,18,132,61,140,136.9
Bhopal,2022-12-01,732,16,17,132,59,141,128.3
Bhopal,2022-12-02,780,16,16,141,60,143,128.3
Bhopal,2022-12-03,806,16,15,152,72,155,128.3
Bhopal,2022-12-04,755,16,16,159,76,162,128.3
Bhopal,2022-12-05,647,14,20,137,70,153,128.3
Bhopal,2022-12-06,662,13,18,116,64,146,128.3
Bhopal,2022-12-07,591,11,13,100,48,122,128.3
Bhopal,2022-12-08,755,11,10,92,35,99,128.3
Bhopal,2022-12-09,536,10,13,90,36,100,128.3
Bhopal,2022-12-10,640,11,16,114,52,128,128.3
Bhopal,2022-12-11,614,10,16,101,55,133,128.3
Bhopal,2022-12-12,645,11,13,93,46,118,128.3
Bhopal,2022-12-13,602,11,6,67,37,103,128.3
Bhopal,2022-12-14,508,11,9,63,33,95,128.3
Bhopal,2022-12-15,630,15,12,75,36,100,128.3
Bhopal,2022-12-16,583,16,9,88,40,108,128.3
Bhopal,2022-12-17,482,15,11,77,36,101,128.3
Bhopal,2022-12-18,599,14,12,78,35,98,128.3
Bhopal,2022-12-19,633,16,10,108,43,112,128.3
Bhopal,2022-12-20,593,16,12,101,42,112,128.3
Bhopal,2022-12-21,585,17,16,131,57,136,128.3
Bhopal,2022-12-22,734,18,14,132,64,147,128.3
Bhopal,2022-12-23,558,18,14,150,79,153,128.3
Bhopal,2022-12-24,541,16,11,106,54,132,128.3
Bhopal,2022-12-25,830,16,14,130,72,157,128.3
Bhopal,2022-12-26,818,15,13,126,68,153,128.3
Bhopal,2022-12-27,760,16,11,135,76,160,128.3
Bhopal,2022-12-28,635,15,9,94,48,120,128.3
Bhopal,2022-12-29,773,20,7,132,62,133,128.3
Bhopal,2022-12-30,799,20,10,137,65,138,128.3
Bhopal,2022-12-31,699,19,11,97,45,119,128.3
Bhopal,2023-01-01,766,14,10,109,60,142,128.8
Bhopal,2023-01-02,673,18,8,117,66,147,128.8
Bhopal,2023-01-03,766,17,6,98,57,136,128.8
Bhopal,2023-01-04,746,13,10,112,68,147,128.8
Bhopal,2023-01-05,731,11,8,86,47,118,128.8
Bhopal,2023-01-06,581,13,7,83,45,116,128.8
Bhopal,2023-01-07,672,18,7,88,45,113,128.8
Bhopal,2023-01-08,794,24,9,100,44,114,128.8
Bhopal,2023-01-09,849,24,9,112,44,112,128.8
Bhopal,2023-01-10,834,26,10,119,51,121,128.8
Bhopal,2023-01-11,948,24,10,156,67,138,128.8
Bhopal,2023-01-12,513,21,12,109,47,113,128.8
Bhopal,2023-01-13,549,18,9,119,36,100,128.8
Bhopal,2023-01-14,689,17,15,128,45,118,128.8
Bhopal,2023-01-15,685,14,20,91,43,114,128.8
Bhopal,2023-01-16,786,16,17,84,42,109,128.8
Bhopal,2023-01-17,734,15,14,85,37,103,128.8
Bhopal,2023-01-18,700,15,13,86,40,107,128.8
Bhopal,2023-01-19,800,17,11,99,49,122,128.8
Bhopal,2023-01-20,615,17,14,109,49,125,128.8
Bhopal,2023-01-21,761,20,12,123,63,139,128.8
Bhopal,2023-01-22,727,20,9,127,67,145,128.8
Bhopal,2023-01-23,548,19,10,129,62,143,128.8
Bhopal,2023-01-24,461,18,11,114,57,137,128.8
Bhopal,2023-01-25,571,19,12,133,75,159,128.8
Bhopal,2023-01-26,626,18,6,79,52,130,128.8
Bhopal,2023-01-27,711,23,9,110,72,159,128.8
Bhopal,2023-01-28,733,24,11,97,59,144,128.8
Bhopal,2023-01-29,661,27,13,118,59,144,128.8
Bhopal,2023-01-30,1049,25,9,125,71,153,128.8
Bhopal,2023-01-31,807,18,12,89,50,125,128.8
Bhopal,2023-02-01,753,14,13,70,35,100,114.8
Bhopal,2023-02-02,913,16,11,85,36,99,114.8
Bhopal,2023-02-03,823,18,10,100,48,121,114.8
Bhopal,2023-02-04,994,21,11,155,63,141,114.8
Bhopal,2023-02-05,1075,18,10,121,52,125,114.8
Bhopal,2023-02-06,842,16,14,145,65,135,114.8
Bhopal,2023-02-07,462,9,15,104,35,99,114.8
Bhopal,2023-02-08,1034,9,14,125,50,114,114.8
Bhopal,2023-02-09,1571,11,15,138,71,149,114.8
Bhopal,2023-02-10,871,9,21,110,31,97,114.8
Bhopal,2023-02-11,713,7,19,110,27,92,114.8
Bhopal,2023-02-12,963,9,12,118,29,90,114.8
Bhopal,2023-02-13,960,6,19,92,23,76,114.8
Bhopal,2023-02-14,833,9,18,118,33,95,114.8
Bhopal,2023-02-15,744,9,19,146,38,111,114.8
Bhopal,2023-02-16,825,10,18,126,32,100,114.8
Bhopal,2023-02-17,695,11,23,129,35,101,114.8
Bhopal,2023-02-18,809,8,23,134,42,114,114.8
Bhopal,2023-02-19,1034,10,20,165,58,138,114.8
Bhopal,2023-02-20,752,10,25,162,46,126,114.8
Bhopal,2023-02-21,842,7,26,196,50,131,114.8
Bhopal,2023-02-22,365,6,24,88,24,78,114.8
Bhopal,2023-02-23,910,7,23,156,44,118,114.8
Bhopal,2023-02-24,608,9,22,199,79,154,114.8
Bhopal,2023-02-25,1158,11,18,209,90,152,114.8
Bhopal,2023-02-26,2030,10,21,140,64,138,114.8
Bhopal,2023-02-27,1239,11,24,95,35,97,114.8
Bhopal,2023-02-28,617,13,23,127,48,122,114.8
Bhopal,2023-03-01,1055,15,21,146,61,143,98.9
Bhopal,2023-03-02,802,15,21,162,69,151,98.9
Bhopal,2023-03-03,766,15,21,141,58,137,98.9
Bhopal,2023-03-04,723,13,18,161,55,138,98.9
Bhopal,2023-03-05,725,11,18,112,40,109,98.9
Bhopal,2023-03-06,788,13,19,127,44,117,98.9
Bhopal,2023-03-07,970,8,18,55,24,75,98.9
Bhopal,2023-03-08,1264,10,15,99,62,124,98.9
Bhopal,2023-03-09,634,7,13,47,23,68,98.9
Bhopal,2023-03-10,860,10,14,75,31,87,98.9
Bhopal,2023-03-11,701,10,17,77,35,95,98.9
Bhopal,2023-03-12,752,10,20,75,40,100,98.9
Bhopal,2023-03-13,805,11,22,90,35,96,98.9
Bhopal,2023-03-14,653,11,21,120,46,118,98.9
Bhopal,2023-03-15,682,12,24,162,64,148,98.9
Bhopal,2023-03-16,486,8,24,89,34,96,98.9
Bhopal,2023-03-17,548,9,20,78,33,94,98.9
Bhopal,2023-03-18,466,8,21,59,26,79,98.9
Bhopal,2023-03-19,524,6,19,42,19,66,98.9
Bhopal,2023-03-20,442,6,18,45,20,68,98.9
Bhopal,2023-03-21,506,9,17,71,29,88,98.9
Bhopal,2023-03-22,797,11,19,91,30,90,98.9
Bhopal,2023-03-23,800,10,18,107,41,110,98.9
Bhopal,2023-03-24,710,6,22,61,25,79,98.9
Bhopal,2023-03-25,758,5,22,69,25,77,98.9
Bhopal,2023-03-26,551,6,23,79,25,79,98.9
Bhopal,2023-03-27,553,9,24,91,25,82,98.9
Bhopal,2023-03-28,587,10,23,112,30,92,98.9
Bhopal,2023-03-29,658,10,24,124,34,102,98.9
Bhopal,2023-03-30,415,6,27,106,28,87,98.9
Bhopal,2023-03-31,932,7,27,80,21,72,98.9
Bhopal,2023-04-01,,,,13,10,41,82.0
Bhopal,2023-04-02,,,,8,9,36,82.0
Bhopal,2023-04-03,600,5,25,51,17,59,82.0
Bhopal,2023-04-04,683,8,22,87,23,75,82.0
Bhopal,2023-04-05,716,8,18,93,23,75,82.0
Bhopal,2023-04-06,690,7,20,89,25,80,82.0
Bhopal,2023-04-07,613,9,21,107,33,96,82.0
Bhopal,2023-04-08,377,7,22,70,25,78,82.0
Bhopal,2023-04-09,451,8,21,77,34,97,82.0
Bhopal,2023-04-10,577,12,22,126,59,129,82.0
Bhopal,2023-04-11,768,15,21,116,36,103,82.0
Bhopal,2023-04-12,869,14,24,118,37,106,82.0
Bhopal,2023-04-13,590,10,29,64,25,80,82.0
Bhopal,2023-04-14,519,9,21,94,29,89,82.0
Bhopal,2023-04-15,262,9,21,101,33,96,82.0
Bhopal,2023-04-16,491,8,24,83,25,78,82.0
Bhopal,2023-04-17,358,10,22,87,29,88,82.0
Bhopal,2023-04-18,380,11,23,97,31,92,82.0
Bhopal,2023-04-19,656,10,22,92,32,93,82.0
Bhopal,2023-04-20,757,11,21,107,28,89,82.0
Bhopal,2023-04-21,639,7,21,76,22,73,82.0
Bhopal,2023-04-22,1109,8,23,95,29,87,82.0
Bhopal,2023-04-23,1476,7,19,67,19,67,82.0
Bhopal,2023-04-24,1045,11,20,81,22,73,82.0
Bhopal,2023-04-25,989,12,22,77,30,89,82.0
Bhopal,2023-04-26,1147,10,19,70,32,95,82.0
Bhopal,2023-04-27,743,10,20,104,24,85,82.0
Bhopal,2023-04-28,435,8,17,60,18,66,82.0
Bhopal,2023-04-29,313,8,15,54,18,61,82.0
Bhopal,2023-04-30,224,9,14,73,27,85,82.0
Bhopal,2023-05-01,477,8,18,78,29,88,91.6
Bhopal,2023-05-02,722,8,18,87,34,98,91.6
Bhopal,2023-05-03,503,8,14,65,27,82,91.6
Bhopal,2023-05-04,660,9,16,62,27,82,91.6
Bhopal,2023-05-05,555,10,17,83,37,103,91.6
Bhopal,2023-05-06,932,12,19,81,36,101,91.6
Bhopal,2023-05-07,492,8,23,72,33,95,91.6
Bhopal,2023-05-08,764,12,21,115,46,119,91.6
Bhopal,2023-05-09,655,11,23,91,35,100,91.6
Bhopal,2023-05-10,621,16,22,155,55,132,91.6
Bhopal,2023-05-11,706,19,23,160,58,131,91.6
Bhopal,2023-05-12,844,20,21,154,56,133,91.6
Bhopal,2023-05-13,732,16,23,160,55,128,91.6
Bhopal,2023-05-14,538,11,22,115,35,100,91.6
Bhopal,2023-05-15,433,8,20,106,28,87,91.6
Bhopal,2023-05-16,333,6,16,87,27,86,91.6
Bhopal,2023-05-17,281,6,18,83,27,83,91.6
Bhopal,2023-05-18,358,8,18,80,26,80,91.6
Bhopal,2023-05-19,402,8,18,83,26,82,91.6
Bhopal,2023-05-20,,,,30,13,48,91.6
Bhopal,2023-05-21,,,,11,10,40,91.6
Bhopal,2023-05-22,315,8,27,62,23,76,91.6
Bhopal,2023-05-23,356,6,22,76,27,83,91.6
Bhopal,2023-05-24,309,6,21,80,27,84,91.6
Bhopal,2023-05-25,340,6,19,95,28,86,91.6
Bhopal,2023-05-26,308,6,22,98,29,88,91.6
Bhopal,2023-05-27,429,6,23,91,32,93,91.6
Bhopal,2023-05-28,425,4,28,95,30,90,91.6
Bhopal,2023-05-29,508,5,28,62,23,75,91.6
Bhopal,2023-05-30,502,6,27,73,26,81,91.6
Bhopal,2023-05-31,461,7,19,84,29,87,91.6
Bhopal,2023-06-01,512,8,15,98,33,95,73.9
Bhopal,2023-06-02,441,7,20,89,26,82,73.9
Bhopal,2023-06-03,387,6,24,98,30,89,73.9
Bhopal,2023-06-04,416,8,21,66,24,76,73.9
Bhopal,2023-06-05,482,8,18,85,28,85,73.9
Bhopal,2023-06-06,443,9,17,89,30,90,73.9
Bhopal,2023-06-07,527,8,15,133,37,109,73.9
Bhopal,2023-06-08,455,8,18,86,31,89,73.9
Bhopal,2023-06-09,359,6,20,61,23,73,73.9
Bhopal,2023-06-10,415,5,18,68,23,74,73.9
Bhopal,2023-06-11,371,5,16,51,16,60,73.9
Bhopal,2023-06-12,353,6,21,61,18,66,73.9
Bhopal,2023-06-13,393,5,18,68,23,73,73.9
Bhopal,2023-06-14,328,3,16,66,19,68,73.9
Bhopal,2023-06-15,300,5,16,62,19,66,73.9
Bhopal,2023-06-16,311,6,13,81,25,80,73.9
Bhopal,2023-06-17,311,6,18,79,22,74,73.9
Bhopal,2023-06-18,379,5,23,97,26,82,73.9
Bhopal,2023-06-19,377,4,25,83,24,76,73.9
Bhopal,2023-06-20,395,5,23,69,22,71,73.9
Bhopal,2023-06-21,464,7,20,74,27,82,73.9
Bhopal,2023-06-22,491,7,22,68,26,81,73.9
Bhopal,2023-06-23,455,8,20,62,23,75,73.9
Bhopal,2023-06-24,380,7,19,29,12,45,73.9
Bhopal,2023-06-25,310,7,24,45,18,64,73.9
Bhopal,2023-06-26,468,8,21,39,18,61,73.9
Bhopal,2023-06-27,458,8,20,30,14,54,73.9
Bhopal,2023-06-28,384,8,21,41,18,63,73.9
Bhopal,2023-06-29,376,7,22,39,16,60,73.9
Bhopal,2023-06-30,433,6,17,49,11,54,73.9
Bhopal,2023-07-01,412,7,19,56,14,62,57.6
Bhopal,2023-07-02,428,7,18,49,13,56,57.6
Bhopal,2023-07-03,501,7,21,63,19,70,57.6
Bhopal,2023-07-04,451,8,21,70,21,75,57.6
Bhopal,2023-07-05,471,9,22,53,18,66,57.6
Bhopal,2023-07-06,544,9,22,61,19,70,57.6
Bhopal,2023-07-07,518,10,23,37,16,58,57.6
Bhopal,2023-07-08,331,6,21,35,11,48,57.6
Bhopal,2023-07-09,291,6,19,39,10,43,57.6
Bhopal,2023-07-10,267,6,21,27,9,39,57.6
Bhopal,2023-07-11,645,6,19,28,12,46,57.6
Bhopal,2023-07-12,472,8,19,41,17,59,57.6
Bhopal,2023-07-13,315,8,21,33,14,55,57.6
Bhopal,2023-07-14,308,7,20,36,15,56,57.6
Bhopal,2023-07-15,266,6,19,46,18,62,57.6
Bhopal,2023-07-16,457,6,16,35,14,52,57.6
Bhopal,2023-07-17,520,7,20,50,14,57,57.6
Bhopal,2023-07-18,517,7,22,41,16,60,57.6
Bhopal,2023-07-19,537,8,23,36,16,58,57.6
Bhopal,2023-07-20,728,9,25,52,26,81,57.6
Bhopal,2023-07-21,453,8,19,45,18,61,57.6
Bhopal,2023-07-22,420,10,16,39,16,58,57.6
Bhopal,2023-07-23,350,7,18,42,17,62,57.6
Bhopal,2023-07-24,490,8,17,30,12,49,57.6
Bhopal,2023-07-25,532,8,17,29,11,46,57.6
Bhopal,2023-07-26,571,9,15,39,15,55,57.6
Bhopal,2023-07-27,642,9,18,39,17,61,57.6
Bhopal,2023-07-28,719,7,14,34,14,54,57.6
Bhopal,2023-07-29,759,8,9,42,18,64,57.6
Bhopal,2023-07-30,1355,6,8,38,14,53,57.6
Bhopal,2023-07-31,807,7,10,39,13,51,57.6
Bhopal,2023-08-01,991,7,9,44,13,53,67.9
Bhopal,2023-08-02,1481,7,8,36,13,50,67.9
Bhopal,2023-08-03,203,7,10,39,16,58,67.9
Bhopal,2023-08-04,241,7,13,36,14,54,67.9
Bhopal,2023-08-05,322,7,11,44,16,59,67.9
Bhopal,2023-08-06,287,7,11,45,16,58,67.9
Bhopal,2023-08-07,220,7,9,53,17,61,67.9
Bhopal,2023-08-08,281,7,8,57,17,62,67.9
Bhopal,2023-08-09,305,7,8,70,20,67,67.9
Bhopal,2023-08-10,252,7,10,61,19,65,67.9
Bhopal,2023-08-11,338,8,9,55,18,63,67.9
Bhopal,2023-08-12,355,7,9,58,17,62,67.9
Bhopal,2023-08-13,318,8,9,50,16,60,67.9
Bhopal,2023-08-14,266,8,9,45,15,55,67.9
Bhopal,2023-08-15,208,7,9,45,15,56,67.9
Bhopal,2023-08-16,236,7,10,52,17,61,67.9
Bhopal,2023-08-17,327,8,11,77,24,78,67.9
Bhopal,2023-08-18,308,8,10,71,27,82,67.9
Bhopal,2023-08-19,423,8,10,70,27,82,67.9
Bhopal,2023-08-20,368,7,13,32,16,59,67.9
Bhopal,2023-08-21,380,8,11,34,16,60,67.9
Bhopal,2023-08-22,468,8,14,42,21,69,67.9
Bhopal,2023-08-23,282,8,13,52,24,75,67.9
Bhopal,2023-08-24,332,7,13,44,18,63,67.9
Bhopal,2023-08-25,406,8,11,70,22,73,67.9
Bhopal,2023-08-26,412,7,12,71,24,77,67.9
Bhopal,2023-08-27,430,6,11,86,28,86,67.9
Bhopal,2023-08-28,365,7,9,105,30,90,67.9
Bhopal,2023-08-29,374,7,10,86,27,83,67.9
Bhopal,2023-08-30,516,9,6,103,30,88,67.9
Bhopal,2023-08-31,669,10,11,111,33,95,67.9
Bhopal,2023-09-01,659,8,13,102,31,91,73.5
Bhopal,2023-09-02,882,8,14,91,28,84,73.5
Bhopal,2023-09-03,367,8,14,84,25,80,73.5
Bhopal,2023-09-04,356,9,13,84,23,76,73.5
Bhopal,2023-09-05,457,9,14,71,19,69,73.5
Bhopal,2023-09-06,491,13,12,55,19,66,73.5
Bhopal,2023-09-07,382,11,9,52,20,67,73.5
Bhopal,2023-09-08,593,8,13,36,19,64,73.5
Bhopal,2023-09-09,500,8,9,27,17,61,73.5
Bhopal,2023-09-10,661,9,16,31,15,56,73.5
Bhopal,2023-09-11,510,8,13,62,25,78,73.5
Bhopal,2023-09-12,533,8,14,53,23,75,73.5
Bhopal,2023-09-13,548,7,14,36,17,61,73.5
Bhopal,2023-09-14,612,8,11,42,23,75,73.5
Bhopal,2023-09-15,498,10,10,39,23,73,73.5
Bhopal,2023-09-16,324,11,10,45,16,57,73.5
Bhopal,2023-09-17,286,5,9,23,12,48,73.5
Bhopal,2023-09-18,350,8,9,46,17,60,73.5
Bhopal,2023-09-19,408,9,9,61,24,75,73.5
Bhopal,2023-09-20,337,9,8,47,18,63,73.5
Bhopal,2023-09-21,422,12,9,51,20,69,73.5
Bhopal,2023-09-22,435,3,14,27,13,52,73.5
Bhopal,2023-09-23,412,2,15,28,15,55,73.5
Bhopal,2023-09-24,412,2,15,28,15,55,73.5
Bhopal,2023-09-25,412,2,15,28,15,55,73.5
Bhopal,2023-09-26,412,2,15,28,15,55,73.5
Bhopal,2023-09-27,941,11,17,93,37,100,73.5
Bhopal,2023-09-28,647,12,16,115,44,118,73.5
Bhopal,2023-09-29,631,13,16,132,51,132,73.5
Bhopal,2023-09-30,665,14,14,151,53,136,73.5
Bhopal,2023-10-01,722,15,13,154,53,137,131.5
Bhopal,2023-10-02,696,15,13,161,60,148,131.5
Bhopal,2023-10-03,578,15,10,160,51,133,131.5
Bhopal,2023-10-04,590,15,9,150,51,133,131.5
Bhopal,2023-10-05,516,16,8,147,49,126,131.5
Bhopal,2023-10-06,404,13,10,125,46,120,131.5
Bhopal,2023-10-07,384,11,12,107,42,113,131.5
Bhopal,2023-10-08,488,12,12,100,45,120,131.5
Bhopal,2023-10-09,655,13,12,102,45,119,131.5
Bhopal,2023-10-10,491,13,13,107,47,127,131.5
Bhopal,2023-10-11,255,11,11,91,39,108,131.5
Bhopal,2023-10-12,334,11,10,87,37,104,131.5
Bhopal,2023-10-13,341,13,11,100,40,108,131.5
Bhopal,2023-10-14,399,16,10,115,51,128,131.5
Bhopal,2023-10-15,441,19,10,132,53,133,131.5
Bhopal,2023-10-16,364,14,11,90,43,116,131.5
Bhopal,2023-10-17,406,16,11,102,45,118,131.5
Bhopal,2023-10-18,506,19,10,129,57,140,131.5
Bhopal,2023-10-19,512,18,10,107,49,126,131.5
Bhopal,2023-10-20,470,22,9,123,56,137,131.5
Bhopal,2023-10-21,609,21,11,147,70,147,131.5
Bhopal,2023-10-22,685,23,12,157,70,146,131.5
Bhopal,2023-10-23,728,19,14,127,55,138,131.5
Bhopal,2023-10-24,833,18,14,121,55,134,131.5
Bhopal,2023-10-25,771,18,19,124,51,131,131.5
Bhopal,2023-10-26,730,20,14,144,58,140,131.5
Bhopal,2023-10-27,869,25,12,173,71,153,131.5
Bhopal,2023-10-28,694,23,14,154,64,145,131.5
Bhopal,2023-10-29,851,24,13,163,74,153,131.5
Bhopal,2023-10-30,856,25,13,165,69,150,131.5
Bhopal,2023-10-31,790,20,17,150,66,146,131.5
Bhopal,2023-11-01,867,20,17,140,68,150,125.6
Bhopal,2023-11-02,839,25,20,152,71,157,125.6
Bhopal,2023-11-03,874,21,16,153,65,145,125.6
Bhopal,2023-11-04,1215,19,11,194,77,156,125.6
Bhopal,2023-11-05,1156,15,12,205,95,170,125.6
Bhopal,2023-11-06,1029,17,14,180,81,157,125.6
Bhopal,2023-11-07,863,17,18,168,76,160,125.6
Bhopal,2023-11-08,841,18,18,150,67,148,125.6
Bhopal,2023-11-09,867,28,16,156,68,148,125.6
Bhopal,2023-11-10,769,25,21,147,65,145,125.6
Bhopal,2023-11-11,613,19,18,122,61,141,125.6
Bhopal,2023-11-12,395,10,15,88,44,121,125.6
Bhopal,2023-11-13,406,10,15,91,46,123,125.6
Bhopal,2023-11-14,395,10,15,88,44,120,125.6
Bhopal,2023-11-15,395,10,15,88,44,121,125.6
Bhopal,2023-11-16,398,10,15,89,45,121,125.6
Bhopal,2023-11-18,517,14,17,108,53,140,125.6
Bhopal,2023-11-19,573,18,13,109,54,141,125.6
Bhopal,2023-11-20,549,18,12,104,51,134,125.6
Bhopal,2023-11-21,516,16,13,101,49,132,125.6
Bhopal,2023-11-22,140,3,2,32,12,45,125.6
Bhopal,2023-11-23,120,4,3,115,19,101,125.6
Bhopal,2023-11-24,115,6,2,90,38,105,125.6
Bhopal,2023-11-25,135,4,2,46,22,70,125.6
Bhopal,2023-11-26,233,5,2,53,21,71,125.6
Bhopal,2023-11-27,231,4,2,52,20,66,125.6
Bhopal,2023-11-28,357,8,8,59,30,89,125.6
Bhopal,2023-11-29,491,13,14,98,49,132,125.6
Bhopal,2023-11-30,500,13,14,99,49,132,125.6
Bhopal,2023-12-01,493,13,14,98,49,132,131.5
Bhopal,2023-12-02,496,14,14,98,49,132,131.5
Bhopal,2023-12-03,499,14,13,96,49,132,131.5
Bhopal,2023-12-04,496,14,14,99,50,134,131.5
Bhopal,2023-12-05,504,14,14,98,49,133,131.5
Bhopal,2023-12-06,400,14,24,86,45,122,131.5
Bhopal,2023-12-07,398,11,20,84,44,121,131.5
Bhopal,2023-12-08,498,13,15,99,50,133,131.5
Bhopal,2023-12-09,494,13,15,99,50,134,131.5
Bhopal,2023-12-10,498,13,15,102,50,134,131.5
Bhopal,2023-12-11,506,14,15,125,50,141,131.5
Bhopal,2023-12-12,497,13,15,98,50,133,131.5
Bhopal,2023-12-13,504,13,14,98,50,132,131.5
Bhopal,2023-12-14,514,14,14,101,51,135,131.5
Bhopal,2023-12-15,488,13,14,98,49,132,131.5
Bhopal,2023-12-16,486,13,14,99,49,132,131.5
Bhopal,2023-12-17,501,14,15,100,50,134,131.5
Bhopal,2023-12-18,522,14,15,101,51,135,131.5
Bhopal,2023-12-19,500,13,14,102,51,135,131.5
Bhopal,2023-12-20,493,13,15,102,51,135,131.5
Bhopal,2023-12-21,376,14,25,77,39,108,131.5
Bhopal,2023-12-22,352,12,26,63,36,102,131.5
Bhopal,2023-12-23,389,12,32,76,46,123,131.5
Bhopal,2023-12-24,403,13,32,85,48,128,131.5
Bhopal,2023-12-25,414,13,33,100,58,144,131.5
Bhopal,2023-12-26,412,12,26,101,56,142,131.5
Bhopal,2023-12-27,453,14,25,99,51,135,131.5
Bhopal,2023-12-28,358,14,33,81,44,118,131.5
Bhopal,2023-12-29,385,14,36,92,51,131,131.5
Bhopal,2023-12-30,426,15,38,103,60,149,131.5
Bhopal,2023-12-31,424,15,39,102,58,146,131.5
Bhopal,2024-01-01,563,16,34,122,68,154,126.8
Bhopal,2024-01-02,679,16,24,124,71,157,126.8
Bhopal,2024-01-03,648,16,24,133,73,160,126.8
Bhopal,2024-01-04,840,16,22,158,88,168,126.8
Bhopal,2024-01-05,691,15,24,118,67,152,126.8
Bhopal,2024-01-06,571,13,24,100,57,143,126.8
Bhopal,2024-01-07,566,12,21,101,57,141,126.8
Bhopal,2024-01-08,560,14,26,116,62,146,126.8
Bhopal,2024-01-09,616,15,28,130,67,151,126.8
Bhopal,2024-01-10,607,14,26,124,67,154,126.8
Bhopal,2024-01-11,546,14,28,103,52,129,126.8
Bhopal,2024-01-12,500,15,28,80,37,104,126.8
Bhopal,2024-01-13,446,18,26,87,38,105,126.8
Bhopal,2024-01-14,508,22,26,99,41,111,126.8
Bhopal,2024-01-15,425,15,35,81,37,103,126.8
Bhopal,2024-01-16,385,16,34,93,42,114,126.8
Bhopal,2024-01-17,324,15,38,68,34,100,126.8
Bhopal,2024-01-18,288,13,43,77,42,116,126.8
Bhopal,2024-01-19,291,13,40,74,40,111,126.8
Bhopal,2024-01-20,320,13,37,83,51,132,126.8
Bhopal,2024-01-21,337,14,36,89,52,131,126.8
Bhopal,2024-01-22,302,13,40,71,39,108,126.8
Bhopal,2024-01-23,280,13,36,65,34,98,126.8
Bhopal,2024-01-24,275,14,40,61,31,92,126.8
Bhopal,2024-01-25,249,14,35,52,25,77,126.8
Bhopal,2024-01-26,380,14,34,62,32,90,126.8
Bhopal,2024-01-27,756,24,22,118,52,130,126.8
Bhopal,2024-01-28,674,22,28,112,56,132,126.8
Bhopal,2024-01-29,637,22,24,109,48,121,126.8
Bhopal,2024-01-30,768,25,28,149,68,154,126.8
Bhopal,2024-01-31,783,28,23,150,66,147,126.8
Bhopal,2024-02-01,638,29,23,130,54,125,118.8
Bhopal,2024-02-02,1111,40,17,133,50,118,118.8
Bhopal,2024-02-03,1161,39,7,231,87,150,118.8
Bhopal,2024-02-04,618,31,19,180,72,153,118.8
Bhopal,2024-02-05,661,24,18,126,56,134,118.8
Bhopal,2024-02-06,728,26,18,114,60,147,118.8
Bhopal,2024-02-07,379,15,31,95,41,115,118.8
Bhopal,2024-02-08,225,13,40,59,28,86,118.8
Bhopal,2024-02-09,323,15,30,62,27,83,118.8
Bhopal,2024-02-10,706,17,21,98,42,116,118.8
Bhopal,2024-02-11,625,16,34,94,49,130,118.8
Bhopal,2024-02-12,341,13,42,98,54,135,118.8
Bhopal,2024-02-13,279,13,38,98,55,138,118.8
Bhopal,2024-02-14,272,13,43,123,70,156,118.8
Bhopal,2024-02-15,266,12,44,103,60,146,118.8
Bhopal,2024-02-16,272,12,40,83,47,126,118.8
Bhopal,2024-02-17,270,13,37,63,37,106,118.8
Bhopal,2024-02-18,294,14,37,57,34,97,118.8
Bhopal,2024-02-19,336,12,32,63,29,89,118.8
Bhopal,2024-02-20,381,14,24,90,33,102,118.8
Bhopal,2024-02-21,328,14,19,87,34,97,118.8
Bhopal,2024-02-22,210,13,34,78,31,91,118.8
Bhopal,2024-02-23,284,11,27,98,48,122,118.8
Bhopal,2024-02-24,244,15,38,70,34,97,118.8
Bhopal,2024-02-25,219,13,44,70,39,108,118.8
Bhopal,2024-02-26,261,12,38,78,43,116,118.8
Bhopal,2024-02-27,311,17,31,102,56,135,118.8
Bhopal,2024-02-28,250,13,37,86,48,129,118.8
Bhopal,2024-02-29,239,14,39,70,33,97,118.8
Bhopal,2024-03-01,208,13,36,57,24,77,108.3
Bhopal,2024-03-02,265,15,40,67,37,106,108.3
Bhopal,2024-03-03,325,14,17,63,33,94,108.3
Bhopal,2024-03-04,361,11,22,57,26,82,108.3
Bhopal,2024-03-05,459,15,22,78,39,104,108.3
Bhopal,2024-03-06,393,15,24,80,39,101,108.3
Bhopal,2024-03-07,356,13,25,83,42,106,108.3
Bhopal,2024-03-08,248,14,39,52,25,82,108.3
Bhopal,2024-03-09,182,12,44,39,21,71,108.3
Bhopal,2024-03-10,190,12,48,43,23,77,108.3
Bhopal,2024-03-11,244,13,41,49,22,76,108.3
Bhopal,2024-03-12,233,13,37,51,22,74,108.3
Bhopal,2024-03-13,205,13,36,52,21,70,108.3
Bhopal,2024-03-14,424,13,28,104,29,94,108.3
Bhopal,2024-03-15,634,18,31,145,48,121,108.3
Bhopal,2024-03-16,565,16,36,144,51,126,108.3
Bhopal,2024-03-17,494,14,39,132,42,114,108.3
Bhopal,2024-03-18,504,14,37,117,44,115,108.3
Bhopal,2024-03-19,597,15,27,137,43,115,108.3
Bhopal,2024-03-20,670,20,22,167,62,135,108.3
Bhopal,2024-03-21,648,18,29,148,52,126,108.3
Bhopal,2024-03-22,618,24,27,150,53,129,108.3
Bhopal,2024-03-23,539,22,23,134,47,118,108.3
Bhopal,2024-03-24,602,22,21,155,56,129,108.3
Bhopal,2024-03-25,664,20,25,128,53,125,108.3
Bhopal,2024-03-26,614,17,22,128,45,115,108.3
Bhopal,2024-03-27,540,21,25,145,57,128,108.3
Bhopal,2024-03-28,818,25,25,193,89,167,108.3
Bhopal,2024-03-29,565,14,22,154,46,124,108.3
Bhopal,2024-03-30,680,17,19,150,63,147,108.3
Bhopal,2024-03-31,444,10,23,104,40,109,108.3
Bhopal,2024-04-01,505,11,23,122,47,119,99.9
Bhopal,2024-04-02,456,11,28,140,56,136,99.9
Bhopal,2024-04-03,497,13,26,137,52,127,99.9
Bhopal,2024-04-04,491,10,24,107,42,111,99.9
Bhopal,2024-04-05,534,10,19,130,50,124,99.9
Bhopal,2024-04-06,466,9,21,111,41,112,99.9
Bhopal,2024-04-07,646,14,23,133,58,134,99.9
Bhopal,2024-04-08,607,13,23,136,54,131,99.9
Bhopal,2024-04-09,577,11,22,142,58,143,99.9
Bhopal,2024-04-10,550,9,20,93,39,107,99.9
Bhopal,2024-04-11,470,11,21,92,37,103,99.9
Bhopal,2024-04-12,365,9,18,99,36,102,99.9
Bhopal,2024-04-13,390,7,15,69,26,81,99.9
Bhopal,2024-04-14,641,8,17,70,25,76,99.9
Bhopal,2024-04-15,905,15,19,127,45,119,99.9
Bhopal,2024-04-16,643,12,17,100,33,95,99.9
Bhopal,2024-04-17,629,13,18,107,26,82,99.9
Bhopal,2024-04-18,873,17,18,161,44,117,99.9
Bhopal,2024-04-19,613,12,20,92,24,79,99.9
Bhopal,2024-04-20,488,7,20,103,28,86,99.9
Bhopal,2024-04-21,394,7,22,75,20,69,99.9
Bhopal,2024-04-22,475,9,21,121,30,97,99.9
Bhopal,2024-04-23,436,6,21,73,21,71,99.9
Bhopal,2024-04-24,423,8,22,90,23,79,99.9
Bhopal,2024-04-25,514,9,22,81,25,79,99.9
Bhopal,2024-04-26,538,10,21,87,25,80,99.9
Bhopal,2024-04-27,602,10,20,253,29,87,99.9
Bhopal,2024-04-28,555,12,19,75,28,83,99.9
Bhopal,2024-04-29,492,8,20,85,25,83,99.9
Bhopal,2024-04-30,446,6,22,116,22,86,99.9
Bhopal,2024-05-01,432,6,24,128,24,90,103.4
Bhopal,2024-05-02,588,14,23,155,38,113,103.4
Bhopal,2024-05-03,716,13,28,161,50,127,103.4
Bhopal,2024-05-04,685,14,32,144,48,121,103.4
Bhopal,2024-05-05,537,8,22,108,29,93,103.4
Bhopal,2024-05-06,399,4,19,80,21,73,103.4
Bhopal,2024-05-07,468,5,24,108,32,95,103.4
Bhopal,2024-05-08,413,6,23,108,33,99,103.4
Bhopal,2024-05-09,500,12,17,117,44,107,103.4
Bhopal,2024-05-10,377,12,23,95,29,96,103.4
Bhopal,2024-05-11,521,15,28,71,27,81,103.4
Bhopal,2024-05-12,730,21,28,127,43,116,103.4
Bhopal,2024-05-13,445,16,26,75,24,79,103.4
Bhopal,2024-05-14,456,15,26,83,25,85,103.4
Bhopal,2024-05-15,436,16,28,64,28,82,103.4
Bhopal,2024-05-16,492,22,25,141,62,134,103.4
Bhopal,2024-05-17,413,18,26,112,44,117,103.4
Bhopal,2024-05-18,305,12,38,85,35,101,103.4
Bhopal,2024-05-19,381,13,38,86,31,90,103.4
Bhopal,2024-05-20,446,16,28,131,45,114,103.4
Bhopal,2024-05-21,449,14,29,86,29,89,103.4
Bhopal,2024-05-22,593,20,25,127,45,115,103.4
Bhopal,2024-05-23,524,18,30,94,30,88,103.4
Bhopal,2024-05-24,428,20,25,132,56,133,103.4
Bhopal,2024-05-25,588,23,27,121,52,130,103.4
Bhopal,2024-05-26,662,24,31,115,36,103,103.4
Bhopal,2024-05-27,420,12,28,119,29,93,103.4
Bhopal,2024-05-28,505,9,22,128,42,113,103.4
Bhopal,2024-05-29,564,7,17,112,34,102,103.4
Bhopal,2024-05-30,565,6,15,117,37,106,103.4
Bhopal,2024-05-31,625,6,15,136,47,119,103.4
Bhopal,2024-06-01,508,7,18,96,31,97,74.7
Bhopal,2024-06-02,412,5,15,61,21,70,74.7
Bhopal,2024-06-03,427,6,17,80,28,86,74.7
Bhopal,2024-06-04,446,6,16,69,25,80,74.7
Bhopal,2024-06-05,411,6,15,54,22,73,74.7
Bhopal,2024-06-06,588,9,12,85,35,95,74.7
Bhopal,2024-06-07,497,9,19,167,44,132,74.7
Bhopal,2024-06-08,602,11,16,125,44,110,74.7
Bhopal,2024-06-09,355,7,15,76,32,92,74.7
Bhopal,2024-06-10,373,6,16,60,26,80,74.7
Bhopal,2024-06-11,383,8,16,74,27,82,74.7
Bhopal,2024-06-12,344,7,15,56,22,72,74.7
Bhopal,2024-06-13,347,8,15,62,25,75,74.7
Bhopal,2024-06-14,414,7,14,74,33,88,74.7
Bhopal,2024-06-15,505,7,13,64,27,82,74.7
Bhopal,2024-06-16,709,8,11,61,25,80,74.7
Bhopal,2024-06-17,602,7,10,64,26,79,74.7
Bhopal,2024-06-18,325,7,7,54,21,72,74.7
Bhopal,2024-06-19,394,8,9,52,20,69,74.7
Bhopal,2024-06-20,347,7,13,38,14,54,74.7
Bhopal,2024-06-21,410,7,11,33,14,51,74.7
Bhopal,2024-06-22,446,7,17,45,17,59,74.7
Bhopal,2024-06-23,431,7,20,44,18,64,74.7
Bhopal,2024-06-24,424,9,20,43,22,70,74.7
Bhopal,2024-06-25,366,7,17,38,16,59,74.7
Bhopal,2024-06-26,363,7,16,49,17,62,74.7
Bhopal,2024-06-27,410,8,13,38,19,62,74.7
Bhopal,2024-06-28,369,7,13,31,13,51,74.7
Bhopal,2024-06-29,383,7,12,29,11,45,74.7
Bhopal,2024-06-30,410,6,12,30,13,51,74.7
Bhopal,2024-07-01,363,9,9,28,11,44,55.9
Bhopal,2024-07-02,295,11,12,33,14,53,55.9
Bhopal,2024-07-03,338,10,15,41,16,60,55.9
Bhopal,2024-07-04,318,5,14,37,15,56,55.9
Bhopal,2024-07-05,285,5,15,32,14,54,55.9
Bhopal,2024-07-06,283,5,16,38,15,56,55.9
Bhopal,2024-07-07,328,4,13,47,17,60,55.9
Bhopal,2024-07-08,505,7,13,43,22,69,55.9
Bhopal,2024-07-09,481,7,13,56,25,79,55.9
Bhopal,2024-07-10,368,6,11,43,20,69,55.9
Bhopal,2024-07-11,375,6,10,48,20,69,55.9
Bhopal,2024-07-12,333,6,12,38,17,61,55.9
Bhopal,2024-07-13,222,10,14,29,13,52,55.9
Bhopal,2024-07-14,347,10,11,42,19,64,55.9
Bhopal,2024-07-15,279,8,11,26,12,49,55.9
Bhopal,2024-07-16,501,15,11,60,32,91,55.9
Bhopal,2024-07-17,301,9,11,38,18,60,55.9
Bhopal,2024-07-18,273,9,12,34,15,56,55.9
Bhopal,2024-07-19,339,10,11,38,20,68,55.9
Bhopal,2024-07-20,344,9,11,32,15,56,55.9
Bhopal,2024-07-21,382,8,11,29,14,52,55.9
Bhopal,2024-07-22,393,8,12,29,14,52,55.9
Bhopal,2024-07-23,428,5,11,27,10,40,55.9
Bhopal,2024-07-24,439,5,11,25,9,39,55.9
Bhopal,2024-07-25,453,4,12,20,8,31,55.9
Bhopal,2024-07-26,391,5,11,26,11,44,55.9
Bhopal,2024-07-27,422,4,12,30,13,47,55.9
Bhopal,2024-07-28,274,5,11,22,10,39,55.9
Bhopal,2024-07-29,286,5,10,43,12,48,55.9
Bhopal,2024-07-30,272,4,11,32,13,50,55.9
Bhopal,2024-07-31,270,4,11,49,18,64,55.9
Bhopal,2024-08-01,301,4,11,34,16,57,56.6
Bhopal,2024-08-02,206,4,11,22,9,38,56.6
Bhopal,2024-08-03,217,3,10,22,8,34,56.6
Bhopal,2024-08-04,191,3,10,21,8,33,56.6
Bhopal,2024-08-05,197,3,10,23,9,38,56.6
Bhopal,2024-08-06,254,4,11,36,13,50,56.6
Bhopal,2024-08-07,225,5,13,63,18,63,56.6
Bhopal,2024-08-08,353,4,13,50,19,66,56.6
Bhopal,2024-08-09,353,4,13,47,18,64,56.6
Bhopal,2024-08-10,323,4,12,43,16,59,56.6
Bhopal,2024-08-11,383,4,12,35,16,58,56.6
Bhopal,2024-08-12,345,4,12,32,12,48,56.6
Bhopal,2024-08-13,285,4,12,38,13,53,56.6
Bhopal,2024-08-14,262,4,12,49,19,64,56.6
Bhopal,2024-08-15,243,4,13,45,19,66,56.6
Bhopal,2024-08-16,343,3,13,51,19,66,56.6
Bhopal,2024-08-17,427,5,13,63,19,66,56.6
Bhopal,2024-08-18,470,6,13,83,26,81,56.6
Bhopal,2024-08-19,350,4,14,65,22,72,56.6
Bhopal,2024-08-20,434,5,14,48,20,67,56.6
Bhopal,2024-08-21,404,5,13,45,18,64,56.6
Bhopal,2024-08-22,383,5,13,59,24,76,56.6
Bhopal,2024-08-23,339,4,14,29,11,43,56.6
Bhopal,2024-08-24,318,5,13,24,12,46,56.6
Bhopal,2024-08-25,257,3,11,16,7,31,56.6
Bhopal,2024-08-26,237,2,12,28,12,46,56.6
Bhopal,2024-08-27,136,6,12,39,14,53,56.6
Bhopal,2024-08-28,183,3,12,38,13,51,56.6
Bhopal,2024-08-29,423,4,11,52,16,59,56.6
Bhopal,2024-08-30,467,7,9,52,21,69,56.6
Bhopal,2024-08-31,362,7,12,61,23,74,56.6
Bhopal,2024-09-01,472,6,13,54,25,79,74.9
Bhopal,2024-09-02,638,9,9,57,29,88,74.9
Bhopal,2024-09-03,420,7,9,57,23,74,74.9
Bhopal,2024-09-04,381,5,12,31,14,53,74.9
Bhopal,2024-09-05,353,4,12,42,18,64,74.9
Bhopal,2024-09-06,206,4,13,48,19,66,74.9
Bhopal,2024-09-07,314,5,13,41,16,59,74.9
Bhopal,2024-09-08,328,4,12,45,21,71,74.9
Bhopal,2024-09-09,385,5,14,41,19,65,74.9
Bhopal,2024-09-10,380,6,14,32,17,61,74.9
Bhopal,2024-09-11,282,4,14,26,14,51,74.9
Bhopal,2024-09-12,236,5,14,58,28,84,74.9
Bhopal,2024-09-13,288,5,13,76,25,79,74.9
Bhopal,2024-09-14,145,4,14,68,22,72,74.9
Bhopal,2024-09-15,314,5,14,64,22,71,74.9
Bhopal,2024-09-16,388,8,15,102,29,88,74.9
Bhopal,2024-09-17,381,7,16,87,27,84,74.9
Bhopal,2024-09-18,327,8,15,49,21,68,74.9
Bhopal,2024-09-19,349,13,15,85,31,91,74.9
Bhopal,2024-09-20,319,12,17,81,32,93,74.9
Bhopal,2024-09-21,449,9,16,85,35,100,74.9
Bhopal,2024-09-22,494,11,15,97,40,106,74.9
Bhopal,2024-09-23,437,10,14,93,35,100,74.9
Bhopal,2024-09-24,359,6,14,65,28,85,74.9
Bhopal,2024-09-25,441,8,14,81,32,90,74.9
Bhopal,2024-09-26,474,8,12,65,31,87,74.9
Bhopal,2024-09-27,343,5,13,41,16,59,74.9
Bhopal,2024-09-28,374,5,12,38,13,51,74.9
Bhopal,2024-09-29,395,5,14,29,13,51,74.9
Bhopal,2024-09-30,554,6,14,46,17,58,74.9
Bhopal,2024-10-01,516,8,19,87,31,91,127.3
Bhopal,2024-10-02,479,8,18,97,33,95,127.3
Bhopal,2024-10-03,476,6,18,93,33,94,127.3
Bhopal,2024-10-04,479,7,21,95,46,125,127.3
Bhopal,2024-10-05,494,8,20,95,40,113,127.3
Bhopal,2024-10-06,710,12,18,134,51,128,127.3
Bhopal,2024-10-07,692,13,20,159,57,136,127.3
Bhopal,2024-10-08,795,15,20,144,56,136,127.3
Bhopal,2024-10-09,829,15,18,135,56,136,127.3
Bhopal,2024-10-10,683,12,17,119,51,126,127.3
Bhopal,2024-10-11,619,11,20,112,49,119,127.3
Bhopal,2024-10-12,599,11,18,101,47,114,127.3
Bhopal,2024-10-13,577,11,17,88,45,111,127.3
Bhopal,2024-10-14,635,11,15,85,41,108,127.3
Bhopal,2024-10-15,671,12,16,109,51,130,127.3
Bhopal,2024-10-16,642,13,10,148,72,155,127.3
Bhopal,2024-10-17,599,13,14,130,65,149,127.3
Bhopal,2024-10-18,641,16,23,142,57,134,127.3
Bhopal,2024-10-19,715,18,20,153,58,137,127.3
Bhopal,2024-10-20,499,10,22,93,34,100,127.3
Bhopal,2024-10-21,566,12,19,106,46,112,127.3
Bhopal,2024-10-22,742,15,21,146,74,158,127.3
Bhopal,2024-10-23,802,16,19,157,74,150,127.3
Bhopal,2024-10-24,700,14,18,161,68,154,127.3
Bhopal,2024-10-25,599,11,12,117,52,132,127.3
Bhopal,2024-10-26,1073,21,22,161,59,141,127.3
Bhopal,2024-10-27,994,20,22,180,72,152,127.3
Bhopal,2024-10-28,733,13,17,125,50,119,127.3
Bhopal,2024-10-29,891,16,17,145,56,128,127.3
Bhopal,2024-10-30,570,11,12,134,61,132,127.3
Bhopal,2024-10-31,546,10,12,136,61,131,127.3
Bhopal,2024-11-01,437,8,15,154,77,145,161.4
Bhopal,2024-11-02,442,10,14,144,64,137,161.4
Bhopal,2024-11-03,527,10,14,149,66,143,161.4
Bhopal,2024-11-04,579,12,14,137,56,132,161.4
Bhopal,2024-11-05,560,12,14,145,61,144,161.4
Bhopal,2024-11-06,561,11,16,153,79,161,161.4
Bhopal,2024-11-07,677,16,14,176,94,169,161.4
Bhopal,2024-11-08,749,22,8,193,101,171,161.4
Bhopal,2024-11-09,704,23,8,177,91,161,161.4
Bhopal,2024-11-10,440,19,10,133,73,154,161.4
Bhopal,2024-11-11,525,21,10,151,83,163,161.4
Bhopal,2024-11-12,667,22,11,154,85,164,161.4
Bhopal,2024-11-13,940,21,15,192,107,177,161.4
Bhopal,2024-11-14,1095,22,28,153,83,157,161.4
Bhopal,2024-11-15,1077,23,29,163,85,159,161.4
Bhopal,2024-11-16,1174,28,27,197,90,170,161.4
Bhopal,2024-11-17,1143,30,29,187,93,170,161.4
Bhopal,2024-11-18,1390,31,25,203,93,179,161.4
Bhopal,2024-11-19,1543,25,27,193,103,186,161.4
Bhopal,2024-11-20,929,19,17,195,96,180,161.4
Bhopal,2024-11-21,901,19,8,149,71,156,161.4
Bhopal,2024-11-22,1098,24,18,192,95,179,161.4
Bhopal,2024-11-23,1026,20,19,183,87,173,161.4
Bhopal,2024-11-24,985,22,19,161,74,161,161.4
Bhopal,2024-11-25,982,21,17,158,74,158,161.4
Bhopal,2024-11-26,875,20,16,152,72,161,161.4
Bhopal,2024-11-27,1038,24,18,166,72,156,161.4
Bhopal,2024-11-28,857,21,18,140,64,151,161.4
Bhopal,2024-11-29,832,21,20,146,66,156,161.4
Bhopal,2024-11-30,894,24,22,171,82,170,161.4
Bhopal,2024-12-01,848,23,23,157,77,166,156.2
Bhopal,2024-12-02,853,21,22,146,73,160,156.2
Bhopal,2024-12-03,938,21,22,153,78,165,156.2
Bhopal,2024-12-04,851,22,20,147,68,159,156.2
Bhopal,2024-12-05,779,21,19,136,60,144,156.2
Bhopal,2024-12-06,991,26,17,160,80,164,156.2
Bhopal,2024-12-07,793,21,19,136,59,144,156.2
Bhopal,2024-12-08,732,21,19,120,57,142,156.2
Bhopal,2024-12-09,526,17,21,121,39,113,156.2
Bhopal,2024-12-10,685,20,21,122,53,137,156.2
Bhopal,2024-12-11,724,19,19,135,58,138,156.2
Bhopal,2024-12-12,723,19,22,126,59,146,156.2
Bhopal,2024-12-13,784,20,21,143,63,150,156.2
Bhopal,2024-12-14,807,21,19,134,58,138,156.2
Bhopal,2024-12-15,866,22,17,146,66,152,156.2
Bhopal,2024-12-16,896,25,17,163,76,163,156.2
Bhopal,2024-12-17,709,20,20,199,90,179,156.2
Bhopal,2024-12-18,712,20,21,175,77,160,156.2
Bhopal,2024-12-19,975,23,20,160,78,166,156.2
Bhopal,2024-12-20,988,24,18,167,83,170,156.2
Bhopal,2024-12-21,836,22,20,162,84,170,156.2
Bhopal,2024-12-22,757,20,21,139,72,160,156.2
Bhopal,2024-12-23,895,23,18,169,83,171,156.2
Bhopal,2024-12-24,854,20,17,162,83,170,156.2
Bhopal,2024-12-25,867,21,14,186,101,183,156.2
Bhopal,2024-12-26,793,20,15,178,95,179,156.2
Bhopal,2024-12-27,715,20,14,150,75,160,156.2
Bhopal,2024-12-28,599,16,10,94,49,122,156.2
Bhopal,2024-12-29,559,16,14,118,68,159,156.2
Bhopal,2024-12-30,660,18,14,120,66,157,156.2
Bhopal,2024-12-31,654,17,14,110,65,154,156.2
Bhopal,2025-01-01,676,15,28,87,63,145,146.8
Bhopal,2025-01-02,861,20,14,132,63,147,146.8
Bhopal,2025-01-03,859,21,17,139,71,156,146.8
Bhopal,2025-01-04,860,21,14,137,65,146,146.8
Bhopal,2025-01-05,825,22,15,136,65,152,146.8
Bhopal,2025-01-06,826,19,16,130,63,151,146.8
Bhopal,2025-01-07,812,19,16,130,64,153,146.8
Bhopal,2025-01-08,843,21,17,128,62,147,146.8
Bhopal,2025-01-09,809,20,17,132,62,146,146.8
Bhopal,2025-01-10,761,19,17,124,61,148,146.8
Bhopal,2025-01-11,952,21,15,147,75,163,146.8
Bhopal,2025-01-12,770,18,16,137,76,165,146.8
Bhopal,2025-01-13,796,20,17,124,67,158,146.8
Bhopal,2025-01-14,726,18,17,122,67,157,146.8
Bhopal,2025-01-15,764,18,15,131,67,159,146.8
Bhopal,2025-01-16,782,19,13,141,74,164,146.8
Bhopal,2025-01-17,772,18,13,155,87,173,146.8
Bhopal,2025-01-18,815,19,15,144,69,158,146.8
Bhopal,2025-01-19,859,19,16,135,64,148,146.8
Bhopal,2025-01-20,798,19,17,131,61,146,146.8
Bhopal,2025-01-21,772,19,18,129,62,150,146.8
Bhopal,2025-01-22,840,20,18,144,66,154,146.8
Bhopal,2025-01-23,724,18,18,131,62,152,146.8
Bhopal,2025-01-24,691,17,19,122,60,150,146.8
Bhopal,2025-01-25,732,19,17,110,49,130,146.8
Bhopal,2025-01-26,818,20,16,105,48,127,146.8
Bhopal,2025-01-27,775,21,16,112,44,120,146.8
Bhopal,2025-01-28,796,20,16,107,45,121,146.8
Bhopal,2025-01-29,867,21,18,132,54,132,146.8
Bhopal,2025-01-30,671,18,18,105,43,118,146.8
Bhopal,2025-01-31,731,19,18,117,43,116,146.8
Bhopal,2025-02-01,740,19,19,116,48,124,120.3
Bhopal,2025-02-02,706,18,19,116,46,122,120.3
Bhopal,2025-02-03,752,18,18,117,47,127,120.3
Bhopal,2025-02-04,727,16,17,118,53,136,120.3
Bhopal,2025-02-05,629,15,19,116,52,139,120.3
Bhopal,2025-02-06,640,16,20,108,45,123,120.3
Bhopal,2025-02-07,683,17,20,105,43,117,120.3
Bhopal,2025-02-08,696,17,19,108,43,118,120.3
Bhopal,2025-02-09,607,17,19,121,48,126,120.3
Bhopal,2025-02-10,738,18,20,134,56,136,120.3
Bhopal,2025-02-11,679,18,19,124,52,128,120.3
Bhopal,2025-02-12,672,15,21,110,45,124,120.3
Bhopal,2025-02-13,644,17,20,111,42,116,120.3
Bhopal,2025-02-14,714,16,18,105,46,125,120.3
Bhopal,2025-02-15,940,16,17,106,42,116,120.3
Bhopal,2025-02-16,686,17,19,119,43,118,120.3
Bhopal,2025-02-17,700,18,18,123,45,121,120.3
Bhopal,2025-02-18,813,19,19,126,46,124,120.3
Bhopal,2025-02-19,758,19,19,124,49,130,120.3
Bhopal,2025-02-20,748,19,15,117,46,126,120.3
Bhopal,2025-02-21,610,14,19,105,35,104,120.3
Bhopal,2025-02-22,664,16,18,118,41,116,120.3
Bhopal,2025-02-23,657,16,18,109,39,109,120.3
Bhopal,2025-02-24,679,15,20,102,36,104,120.3
Bhopal,2025-02-25,644,16,19,101,34,99,120.3
Bhopal,2025-02-26,669,16,19,106,36,105,120.3
Bhopal,2025-02-27,711,18,19,119,42,113,120.3
Bhopal,2025-02-28,694,16,20,122,47,122,120.3
Bhopal,2025-03-01,662,17,20,110,43,117,107.8
Bhopal,2025-03-02,544,14,19,110,39,110,107.8
Bhopal,2025-03-03,634,16,20,127,46,127,107.8
Bhopal,2025-03-04,543,12,19,129,39,112,107.8
Bhopal,2025-03-05,534,13,22,113,32,100,107.8
Bhopal,2025-03-06,668,15,20,107,31,95,107.8
Bhopal,2025-03-07,710,17,18,109,34,100,107.8
Bhopal,2025-03-08,736,16,20,103,33,98,107.8
Bhopal,2025-03-09,713,16,21,108,37,106,107.8
Bhopal,2025-03-10,764,18,21,102,37,106,107.8
Bhopal,2025-03-11,906,22,22,122,44,119,107.8
Bhopal,2025-03-12,715,18,23,128,43,116,107.8
Bhopal,2025-03-13,658,15,24,113,41,115,107.8
Bhopal,2025-03-14,588,13,24,91,36,102,107.8
Bhopal,2025-03-15,684,15,25,92,38,107,107.8
Bhopal,2025-03-16,579,14,23,86,35,102,107.8
Bhopal,2025-03-17,690,16,23,95,38,107,107.8
Bhopal,2025-03-18,669,16,24,97,39,109,107.8
Bhopal,2025-03-19,655,16,26,95,39,110,107.8
Bhopal,2025-03-20,715,16,24,103,40,113,107.8
Bhopal,2025-03-21,711,16,24,101,40,113,107.8
Bhopal,2025-03-22,611,16,25,94,34,100,107.8
Bhopal,2025-03-23,570,16,25,101,33,100,107.8
Bhopal,2025-03-24,619,18,23,102,39,109,107.8
Bhopal,2025-03-25,713,20,25,121,42,116,107.8
Bhopal,2025-03-26,697,19,25,119,44,120,107.8
Bhopal,2025-03-27,605,16,27,118,41,114,107.8
Bhopal,2025-03-28,574,15,25,129,35,104,107.8
Bhopal,2025-03-29,523,14,25,116,32,98,107.8
Bhopal,2025-03-30,585,16,24,108,32,96,107.8
Bhopal,2025-03-31,608,16,24,106,35,101,107.8
Bhopal,2025-04-01,609,17,25,115,39,110,116.1
Bhopal,2025-04-02,710,19,24,127,51,132,116.1
Bhopal,2025-04-03,615,17,25,111,45,121,116.1
Bhopal,2025-04-04,671,19,24,118,48,129,116.1
Bhopal,2025-04-05,589,17,24,115,40,113,116.1
Bhopal,2025-04-06,679,18,24,120,42,116,116.1
Bhopal,2025-04-07,758,18,23,129,44,118,116.1
Bhopal,2025-04-08,762,21,22,151,53,134,116.1
Bhopal,2025-04-09,715,19,26,153,49,128,116.1
Bhopal,2025-04-10,623,16,25,127,42,116,116.1
Bhopal,2025-04-11,607,13,27,127,40,114,116.1
Bhopal,2025-04-12,572,12,24,105,35,101,116.1
Bhopal,2025-04-13,600,14,25,116,37,106,116.1
Bhopal,2025-04-14,584,15,27,149,50,130,116.1
Bhopal,2025-04-15,568,13,29,108,35,101,116.1
Bhopal,2025-04-16,644,15,28,117,41,112,116.1
Bhopal,2025-04-17,583,14,26,122,39,110,116.1
Bhopal,2025-04-18,641,13,25,119,36,104,116.1
Bhopal,2025-04-19,619,12,28,117,35,103,116.1
Bhopal,2025-04-20,671,12,30,146,44,122,116.1
Bhopal,2025-04-21,609,13,29,161,43,122,116.1
Bhopal,2025-04-22,640,16,29,150,47,126,116.1
Bhopal,2025-04-23,666,17,29,140,45,122,116.1
Bhopal,2025-04-24,662,17,30,129,42,118,116.1
Bhopal,2025-04-25,644,14,29,117,40,113,116.1
Bhopal,2025-04-26,610,13,31,116,39,110,116.1
Bhopal,2025-04-27,592,13,28,121,42,115,116.1
Bhopal,2025-04-28,572,15,29,116,38,110,116.1
Bhopal,2025-04-29,537,12,28,122,38,110,116.1
Bhopal,2025-04-30,531,14,29,126,42,116,116.1
Bhopal,2025-05-01,536,14,27,122,39,111,92.4
Bhopal,2025-05-02,520,14,26,119,38,109,92.4
Bhopal,2025-05-03,596,15,24,125,44,121,92.4
Bhopal,2025-05-04,474,13,24,99,34,99,92.4
Bhopal,2025-05-05,551,14,21,90,33,97,92.4
Bhopal,2025-05-06,470,13,20,72,24,79,92.4
Bhopal,2025-05-07,480,12,23,65,22,76,92.4
Bhopal,2025-05-08,544,11,21,65,23,77,92.4
Bhopal,2025-05-09,568,12,22,66,25,81,92.4
Bhopal,2025-05-10,454,11,23,74,30,91,92.4
Bhopal,2025-05-11,466,10,24,70,28,86,92.4
Bhopal,2025-05-12,492,11,26,70,29,89,92.4
Bhopal,2025-05-13,458,12,24,80,30,91,92.4
Bhopal,2025-05-14,533,12,22,80,30,91,92.4
Bhopal,2025-05-15,493,12,25,80,29,88,92.4
Bhopal,2025-05-16,492,13,25,82,31,93,92.4
Bhopal,2025-05-17,467,12,27,86,31,92,92.4
Bhopal,2025-05-18,449,12,26,75,26,84,92.4
Bhopal,2025-05-19,457,11,27,82,28,88,92.4
Bhopal,2025-05-20,584,11,29,74,28,86,92.4
Bhopal,2025-05-21,486,11,27,81,33,96,92.4
Bhopal,2025-05-22,450,10,26,70,26,82,92.4
Bhopal,2025-05-23,464,11,25,65,23,76,92.4
Bhopal,2025-05-24,485,10,24,68,27,84,92.4
Bhopal,2025-05-25,514,11,23,71,32,95,92.4
Bhopal,2025-05-26,571,12,21,89,41,114,92.4
Bhopal,2025-05-27,573,11,25,89,38,107,92.4
Bhopal,2025-05-28,570,11,21,78,30,92,92.4
Bhopal,2025-05-29,547,10,26,81,31,92,92.4
Bhopal,2025-05-30,510,11,21,102,34,98,92.4
Bhopal,2025-05-31,490,10,23,108,34,100,92.4
Bhopal,2025-06-01,507,10,22,96,31,93,83.3
Bhopal,2025-06-02,471,10,22,92,28,87,83.3
Bhopal,2025-06-03,484,10,20,79,26,82,83.3
Bhopal,2025-06-04,449,11,21,84,28,87,83.3
Bhopal,2025-06-05,505,12,25,87,29,88,83.3
Bhopal,2025-06-06,496,11,28,93,33,96,83.3
Bhopal,2025-06-07,436,10,26,103,35,101,83.3
Bhopal,2025-06-08,480,11,26,110,35,101,83.3
Bhopal,2025-06-09,506,12,24,107,35,102,83.3
Bhopal,2025-06-10,569,14,22,115,37,105,83.3
Bhopal,2025-06-11,558,14,24,119,38,109,83.3
Bhopal,2025-06-12,468,16,25,104,38,108,83.3
Bhopal,2025-06-13,479,14,22,111,41,116,83.3
Bhopal,2025-06-14,450,13,23,100,38,109,83.3
Bhopal,2025-06-15,395,11,23,75,31,93,83.3
Bhopal,2025-06-16,412,12,22,59,23,77,83.3
Bhopal,2025-06-17,359,11,17,50,17,65,83.3
Bhopal,2025-06-18,360,10,16,54,18,68,83.3
Bhopal,2025-06-19,388,9,15,49,18,68,83.3
Bhopal,2025-06-20,409,9,14,53,19,69,83.3
Bhopal,2025-06-21,394,8,15,51,17,66,83.3
Bhopal,2025-06-22,404,8,19,48,16,63,83.3
Bhopal,2025-06-23,412,8,14,49,17,66,83.3
Bhopal,2025-06-24,455,9,13,50,18,68,83.3
Bhopal,2025-06-25,423,10,13,49,18,68,83.3
Bhopal,2025-06-26,440,10,13,47,17,66,83.3
Bhopal,2025-06-27,385,9,12,45,17,65,83.3
Bhopal,2025-06-28,396,10,14,55,20,71,83.3
Bhopal,2025-06-29,377,9,13,50,18,68,83.3
Bhopal,2025-06-30,398,10,14,57,22,74,83.3
Bhopal,2025-07-01,418,10,13,56,20,71,72.6
Bhopal,2025-07-02,470,9,13,54,19,69,72.6
Bhopal,2025-07-03,432,9,11,54,20,72,72.6
Bhopal,2025-07-04,405,9,11,53,20,71,72.6
Bhopal,2025-07-05,431,9,10,53,20,72,72.6
Bhopal,2025-07-06,412,9,11,48,19,69,72.6
Bhopal,2025-07-07,410,9,12,47,19,68,72.6
Bhopal,2025-07-08,409,9,12,54,22,74,72.6
Bhopal,2025-07-09,422,9,13,61,23,76,72.6
Bhopal,2025-07-10,388,9,13,64,23,77,72.6
Bhopal,2025-07-11,412,9,12,67,24,79,72.6
Bhopal,2025-07-12,408,10,10,66,24,79,72.6
Bhopal,2025-07-13,380,9,12,60,22,76,72.6
Bhopal,2025-07-14,389,8,11,53,19,70,72.6
Bhopal,2025-07-15,390,8,11,52,19,69,72.6
Bhopal,2025-07-16,415,8,12,59,22,74,72.6
Bhopal,2025-07-17,428,8,10,62,24,78,72.6
Bhopal,2025-07-18,397,8,10,62,24,79,72.6
Bhopal,2025-07-19,433,8,11,63,24,79,72.6
Bhopal,2025-07-20,473,8,11,61,23,77,72.6
Bhopal,2025-07-21,501,9,11,62,24,79,72.6
Bhopal,2025-07-22,482,9,10,58,23,78,72.6
Bhopal,2025-07-23,477,9,10,52,22,74,72.6
Bhopal,2025-07-24,454,9,10,55,22,76,72.6
Bhopal,2025-07-25,464,10,9,56,22,75,72.6
Bhopal,2025-07-26,438,9,11,47,18,68,72.6
Bhopal,2025-07-27,428,8,10,42,17,65,72.6
Bhopal,2025-07-28,467,8,10,40,15,60,72.6
Bhopal,2025-07-29,449,8,10,38,15,62,72.6
Bhopal,2025-07-30,443,8,10,43,18,67,72.6
Bhopal,2025-07-31,431,8,10,50,19,69,72.6
Bhopal,2025-08-01,467,9,9,56,19,70,73.8
Bhopal,2025-08-02,476,9,10,65,22,76,73.8
Bhopal,2025-08-03,508,9,10,68,25,80,73.8
Bhopal,2025-08-04,478,9,10,66,24,79,73.8
Bhopal,2025-08-05,517,10,10,69,24,79,73.8
Bhopal,2025-08-06,482,10,10,72,26,83,73.8
Bhopal,2025-08-07,488,10,11,74,27,85,73.8
Bhopal,2025-08-08,482,10,12,82,29,87,73.8
Bhopal,2025-08-09,465,10,12,71,27,85,73.8
Bhopal,2025-08-10,430,10,11,64,25,81,73.8
Bhopal,2025-08-11,421,9,10,64,24,79,73.8
Bhopal,2025-08-12,405,9,10,59,24,78,73.8
Bhopal,2025-08-13,428,9,9,56,24,78,73.8
Bhopal,2025-08-14,453,10,10,54,24,78,73.8
Bhopal,2025-08-15,446,10,10,54,26,82,73.8
Bhopal,2025-08-16,466,10,9,48,22,74,73.8
Bhopal,2025-08-17,439,9,10,47,20,72,73.8
Bhopal,2025-08-18,448,10,10,48,20,71,73.8
Bhopal,2025-08-19,460,9,9,48,18,68,73.8
Bhopal,2025-08-20,437,9,10,44,16,64,73.8
Bhopal,2025-08-21,429,8,10,39,14,60,73.8
Bhopal,2025-08-22,446,8,10,41,15,62,73.8
Bhopal,2025-08-23,455,8,9,41,15,62,73.8
Bhopal,2025-08-24,436,8,10,42,14,60,73.8
Bhopal,2025-08-25,451,8,9,39,13,58,73.8
Bhopal,2025-08-26,503,9,10,43,16,64,73.8
Bhopal,2025-08-27,520,9,9,46,19,69,73.8
Bhopal,2025-08-28,554,10,9,49,21,74,73.8
Bhopal,2025-08-29,496,9,9,54,24,79,73.8
Bhopal,2025-08-30,457,9,9,52,24,79,73.8
Bhopal,2025-08-31,449,8,10,48,20,72,73.8
Bhopal,2025-09-01,470,9,9,47,20,70,76.5
Bhopal,2025-09-02,427,9,9,47,18,68,76.5
Bhopal,2025-09-03,442,9,10,44,18,67,76.5
Bhopal,2025-09-04,382,8,12,42,15,62,76.5
Bhopal,2025-09-05,390,8,10,42,17,66,76.5
Bhopal,2025-09-06,425,8,11,40,17,65,76.5
Bhopal,2025-09-07,364,8,10,42,17,66,76.5
Bhopal,2025-09-08,416,9,11,49,19,70,76.5
Bhopal,2025-09-09,453,10,11,56,22,74,76.5
Bhopal,2025-09-10,408,9,11,59,22,76,76.5
Bhopal,2025-09-11,464,10,12,62,24,79,76.5
Bhopal,2025-09-12,463,10,12,65,25,82,76.5
Bhopal,2025-09-13,490,10,12,68,27,84,76.5
Bhopal,2025-09-14,536,10,11,66,28,87,76.5
Bhopal,2025-09-15,522,10,11,64,27,85,76.5
Bhopal,2025-09-16,468,10,12,59,25,81,76.5
Bhopal,2025-09-17,447,9,13,56,24,79,76.5
Bhopal,2025-09-18,463,9,12,52,22,75,76.5
Bhopal,2025-09-19,479,10,12,55,24,78,76.5
Bhopal,2025-09-20,517,9,12,54,22,75,76.5
Bhopal,2025-09-21,480,8,13,55,23,78,76.5
Bhopal,2025-09-22,485,9,14,61,26,82,76.5
Bhopal,2025-09-23,492,8,14,62,26,83,76.5
Bhopal,2025-09-24,500,9,13,61,26,83,76.5
Bhopal,2025-09-25,514,12,17,80,29,89,76.5
Bhopal,2025-09-26,556,12,24,98,33,96,76.5
Bhopal,2025-09-27,528,12,21,80,30,92,76.5
Bhopal,2025-09-28,481,9,14,46,20,72,76.5
Bhopal,2025-09-29,294,15,23,46,19,70,76.5
Bhopal,2025-09-30,448,12,24,36,15,61,76.5
Bhopal,2025-10-01,386,14,29,49,22,75,133.4
Bhopal,2025-10-02,448,17,26,68,29,90,133.4
Bhopal,2025-10-03,460,18,27,80,38,105,133.4
Bhopal,2025-10-04,551,18,31,73,34,98,133.4
Bhopal,2025-10-05,400,15,36,65,30,90,133.4
Bhopal,2025-10-06,419,14,32,49,18,68,133.4
Bhopal,2025-10-07,320,16,42,59,26,84,133.4
Bhopal,2025-10-08,329,17,44,112,51,126,133.4
Bhopal,2025-10-09,486,28,42,193,61,151,133.4
Bhopal,2025-10-10,442,26,44,190,56,145,133.4
Bhopal,2025-10-11,497,32,40,168,58,143,133.4
Bhopal,2025-10-12,634,35,35,164,55,137,133.4
Bhopal,2025-10-13,581,34,47,139,50,131,133.4
Bhopal,2025-10-14,469,39,45,145,62,150,133.4
Bhopal,2025-10-15,459,30,45,140,66,157,133.4
Bhopal,2025-10-16,531,34,34,169,112,192,133.4
Bhopal,2025-10-17,718,24,22,188,107,188,133.4
Bhopal,2025-10-18,656,23,37,181,94,179,133.4
Bhopal,2025-10-19,488,30,48,190,100,182,133.4
Bhopal,2025-10-20,594,26,52,151,71,152,133.4
Bhopal,2025-10-21,458,26,48,178,108,192,133.4
Bhopal,2025-10-22,497,17,47,124,63,151,133.4
Bhopal,2025-10-23,595,23,34,134,70,155,133.4
Bhopal,2025-10-24,555,22,40,130,66,158,133.4
Bhopal,2025-10-25,484,23,38,130,75,161,133.4
Bhopal,2025-10-26,575,14,19,62,40,113,133.4
Bhopal,2025-10-27,417,12,23,53,33,98,133.4
Bhopal,2025-10-28,429,11,31,97,65,152,133.4
Bhopal,2025-10-29,470,12,32,113,65,153,133.4
Bhopal,2025-10-30,376,13,26,71,30,93,133.4
Bhopal,2025-10-31,405,13,24,44,19,65,133.4
Bhopal,2025-11-01,473,13,20,60,32,95,166.0
Bhopal,2025-11-02,517,20,24,88,46,112,166.0
Bhopal,2025-11-03,583,24,44,106,53,132,166.0
Bhopal,2025-11-04,483,28,37,92,40,103,166.0
Bhopal,2025-11-05,420,13,40,90,38,106,166.0
Bhopal,2025-11-06,445,24,48,117,45,119,166.0
Bhopal,2025-11-07,559,28,64,135,61,149,166.0
Bhopal,2025-11-08,649,31,53,138,55,140,166.0
Bhopal,2025-11-09,662,30,50,136,65,149,166.0
Bhopal,2025-11-10,698,45,35,143,75,160,166.0
Bhopal,2025-11-11,529,51,45,174,89,171,166.0
Bhopal,2025-11-12,498,51,55,168,80,166,166.0
Bhopal,2025-11-13,690,56,48,198,122,202,166.0
Bhopal,2025-11-14,728,56,44,199,113,193,166.0
Bhopal,2025-11-15,648,56,45,183,107,189,166.0
Bhopal,2025-11-16,656,45,55,167,103,186,166.0
Bhopal,2025-11-17,738,47,59,179,111,191,166.0
Bhopal,2025-11-18,653,47,54,186,103,186,166.0
Bhopal,2025-11-19,647,56,45,190,122,202,166.0
Bhopal,2025-11-20,605,51,49,185,116,197,166.0
Bhopal,2025-11-21,558,49,61,188,109,190,166.0
Bhopal,2025-11-22,687,57,45,211,132,212,166.0
Bhopal,2025-11-23,651,58,43,226,140,218,166.0
Bhopal,2025-11-24,649,52,44,222,128,207,166.0
Bhopal,2025-11-25,568,38,49,186,104,186,166.0
Bhopal,2025-11-26,596,34,67,160,94,178,166.0
Bhopal,2025-11-27,598,34,70,157,86,173,166.0
Bhopal,2025-11-28,636,36,47,132,70,159,166.0
Bhopal,2025-11-29,678,39,44,138,78,166,166.0
Bhopal,2025-11-30,624,44,52,128,66,144,166.0
Bhopal,2025-12-01,559,46,48,139,80,165,169.8
Bhopal,2025-12-02,604,48,45,158,95,177,169.8
Bhopal,2025-12-03,588,46,47,153,88,167,169.8
Bhopal,2025-12-04,538,36,54,135,66,154,169.8
Bhopal,2025-12-05,526,39,58,150,78,165,169.8
Bhopal,2025-12-06,549,42,61,132,73,156,169.8
Bhopal,2025-12-07,586,47,49,160,115,196,169.8
Bhopal,2025-12-08,649,48,31,129,98,176,169.8
Bhopal,2025-12-09,474,43,38,98,75,153,169.8
Bhopal,2025-12-10,574,45,38,98,71,152,169.8
Bhopal,2025-12-11,626,37,40,94,70,155,169.8
Bhopal,2025-12-12,456,45,62,106,76,158,169.8
Bhopal,2025-12-13,588,62,45,107,81,162,169.8
Bhopal,2025-12-14,618,57,46,118,88,171,169.8
Bhopal,2025-12-15,548,54,61,182,134,214,169.8
Bhopal,2025-12-16,572,56,55,157,114,195,169.8
Bhopal,2025-12-17,597,57,46,147,110,190,169.8
Bhopal,2025-12-18,495,55,42,95,66,147,169.8
Bhopal,2025-12-19,533,48,50,87,63,143,169.8
Bhopal,2025-12-20,545,53,41,119,89,169,169.8
Bhopal,2025-12-21,512,53,43,103,75,159,169.8
Bhopal,2025-12-22,545,52,40,114,85,169,169.8
Bhopal,2025-12-23,571,58,32,112,82,156,169.8
Bhopal,2025-12-24,586,53,36,82,56,139,169.8
Bhopal,2025-12-25,623,56,47,108,80,161,169.8
Bhopal,2025-12-26,542,53,50,122,93,173,169.8
Bhopal,2025-12-27,528,51,50,107,81,162,169.8
Bhopal,2025-12-28,549,56,50,121,93,174,169.8
Bhopal,2025-12-29,539,54,58,124,96,177,169.8
Bhopal,2025-12-30,584,60,55,152,119,201,169.8
Bhopal,2025-12-31,624,64,50,180,143,229,169.8
Bhopal,2026-01-01,638,60,57,176,137,210,176.5
Bhopal,2026-01-02,612,53,42,172,129,200,176.5
Bhopal,2026-01-03,829,33,28,170,121,194,176.5
Bhopal,2026-01-04,848,32,21,152,109,184,176.5
Bhopal,2026-01-05,711,36,27,126,92,174,176.5
Bhopal,2026-01-06,481,57,41,116,85,167,176.5
Bhopal,2026-01-07,447,57,41,108,81,167,176.5
Bhopal,2026-01-08,447,51,46,131,98,182,176.5
Bhopal,2026-01-09,408,52,52,118,90,166,176.5
Bhopal,2026-01-10,493,60,44,143,112,189,176.5
Bhopal,2026-01-11,465,63,56,125,96,172,176.5
Bhopal,2026-01-12,485,59,45,136,103,184,176.5
Bhopal,2026-01-13,477,58,49,121,93,176,176.5
Bhopal,2026-01-14,454,56,59,128,100,180,176.5
Bhopal,2026-01-15,498,50,59,125,95,178,176.5
Bhopal,2026-01-16,463,55,57,117,89,167,176.5
Bhopal,2026-01-17,498,51,40,120,93,170,176.5
Bhopal,2026-01-18,498,40,39,103,80,163,176.5
Bhopal,2026-01-19,442,35,38,76,57,143,176.5
Bhopal,2026-01-20,472,34,37,88,67,153,176.5
Bhopal,2026-01-21,471,38,40,128,100,197,176.5
Bhopal,2026-01-22,310,47,45,93,71,158,176.5
Bhopal,2026-01-23,238,54,50,105,82,168,176.5
Bhopal,2026-01-24,335,44,40,129,100,181,176.5
Bhopal,2026-01-25,251,36,34,180,134,205,176.5
Bhopal,2026-01-26,304,38,43,156,121,202,176.5
Bhopal,2026-01-27,252,49,56,143,111,190,176.5
Bhopal,2026-01-28,243,41,49,104,79,164,176.5
Bhopal,2026-01-29,329,34,33,109,82,166,176.5
Bhopal,2026-01-30,265,38,37,103,77,163,176.5
Bhopal,2026-01-31,248,39,31,95,73,159,176.5
Bhopal,2026-02-01,208,44,32,77,59,145,144.6
Bhopal,2026-02-02,221,47,35,88,70,157,144.6
Bhopal,2026-02-03,430,25,24,97,77,166,144.6
Bhopal,2026-02-04,221,28,40,85,66,156,144.6
Bhopal,2026-02-05,265,22,46,80,61,150,144.6
Bhopal,2026-02-06,234,35,46,79,61,146,144.6
Bhopal,2026-02-07,118,49,56,98,77,160,144.6
Bhopal,2026-02-08,78,56,56,90,70,152,144.6
Bhopal,2026-02-09,50,52,64,72,56,139,144.6
Bhopal,2026-02-10,55,53,67,87,67,155,144.6
Bhopal,2026-02-11,54,58,69,100,81,168,144.6
Bhopal,2026-02-12,50,48,71,73,57,143,144.6
Bhopal,2026-02-13,124,42,70,87,70,159,144.6
Bhopal,2026-02-14,246,40,59,95,75,162,144.6
Bhopal,2026-02-15,219,46,53,89,70,152,144.6
Bhopal,2026-02-16,242,43,44,63,49,124,144.6
Bhopal,2026-02-17,233,35,46,47,36,100,144.6
Bhopal,2026-02-18,257,33,51,52,40,112,144.6
Bhopal,2026-02-19,307,22,46,87,70,157,144.6
Bhopal,2026-02-20,258,23,36,93,74,163,144.6
Bhopal,2026-02-21,268,26,37,98,79,167,144.6
Bhopal,2026-02-22,161,42,59,106,85,166,144.6
Bhopal,2026-02-23,102,29,56,78,62,141,144.6
Bhopal,2026-02-24,49,42,55,63,49,128,144.6
Bhopal,2026-02-25,49,48,50,59,46,122,144.6
Bhopal,2026-02-26,70,46,52,57,45,119,144.6
Bhopal,2026-02-27,354,8,23,63,52,133,144.6
Bhopal,2026-02-28,356,8,24,48,40,108,144.6
Bhopal,2026-03-01,77,25,56,49,38,106,105.2
Bhopal,2026-03-02,214,32,49,65,52,129,105.2
Bhopal,2026-03-03,198,35,49,90,75,150,105.2
Bhopal,2026-03-04,402,8,22,62,52,124,105.2
Bhopal,2026-03-05,376,16,28,47,38,106,105.2
Bhopal,2026-03-06,479,24,30,49,39,108,105.2
Bhopal,2026-03-07,547,19,28,56,45,119,105.2
Bhopal,2026-03-08,468,16,28,57,46,121,105.2
Bhopal,2026-03-09,508,24,32,54,43,112,105.2
Bhopal,2026-03-10,446,23,29,44,35,99,105.2
Bhopal,2026-03-11,462,30,38,48,38,105,105.2
Bhopal,2026-03-12,488,22,34,56,44,117,105.2
Bhopal,2026-03-13,467,22,47,46,37,104,105.2
Bhopal,2026-03-14,473,16,36,54,42,114,105.2
Bhopal,2026-03-15,400,12,37,33,25,78,105.2
Bhopal,2026-03-16,446,10,34,36,27,82,105.2
Bhopal,2026-03-17,434,16,41,36,27,83,105.2
Bhopal,2026-03-18,378,19,39,52,40,108,105.2
Bhopal,2026-03-19,429,19,48,62,49,127,105.2
Bhopal,2026-03-20,343,10,32,33,27,83,105.2
Bhopal,2026-03-21,462,13,27,40,32,94,105.2
Bhopal,2026-03-22,432,20,36,41,33,96,105.2
Bhopal,2026-03-23,414,23,39,52,41,113,105.2
Bhopal,2026-03-24,456,22,33,52,41,112,105.2
Bhopal,2026-03-25,460,26,30,44,35,101,105.2
Bhopal,2026-03-26,491,22,33,43,34,98,105.2
Bhopal,2026-03-27,363,13,30,33,26,79,105.2
Bhopal,2026-03-28,460,11,33,31,25,78,105.2
